STATION,year,month,PRCP_sum,TMAX_mean,TMIN_mean,TMEAN,ym
USW00003017,1996,6,1.7399999999999998,85.08333333333333,53.291666666666664,69.1875,1996-06-01
USW00003017,1996,7,1.01,87.96774193548387,58.774193548387096,73.37096774193549,1996-07-01
USW00003017,1996,8,0.56,87.06451612903226,56.12903225806452,71.59677419354838,1996-08-01
USW00003017,1996,9,2.34,74.6,46.9,60.75,1996-09-01
USW00003017,1996,10,0.39,64.90322580645162,36.774193548387096,50.83870967741935,1996-10-01
USW00003017,1996,11,0.38,50.96666666666667,23.4,37.18333333333333,1996-11-01
USW00003017,1996,12,0.06,47.03225806451613,18.903225806451612,32.96774193548387,1996-12-01
USW00003017,1997,1,0.26,39.935483870967744,15.774193548387096,27.85483870967742,1997-01-01
USW00003017,1997,2,0.5399999999999999,40.857142857142854,18.964285714285715,29.910714285714285,1997-02-01
USW00003017,1997,3,0.26,58.54838709677419,25.70967741935484,42.12903225806452,1997-03-01
USW00003017,1997,4,1.3,53.266666666666666,27.7,40.483333333333334,1997-04-01
USW00003017,1997,5,1.5699999999999998,70.80645161290323,42.38709677419355,56.596774193548384,1997-05-01
USW00003017,1997,6,2.5700000000000003,82.13333333333334,53.5,67.81666666666666,1997-06-01
USW00003017,1997,7,5.6,88.38709677419355,57.70967741935484,73.04838709677419,1997-07-01
USW00003017,1997,8,3.52,81.87096774193549,57.38709677419355,69.62903225806451,1997-08-01
USW00003017,1997,9,0.97,78.06666666666666,50.4,64.23333333333333,1997-09-01
USW00003017,1997,10,1.87,63.58064516129032,35.67741935483871,49.62903225806452,1997-10-01
USW00003017,1997,11,0.61,45.8,23.833333333333332,34.81666666666667,1997-11-01
USW00003017,1997,12,0.5,36.74193548387097,19.06451612903226,27.903225806451612,1997-12-01
USW00003017,1998,1,0.05,44.29032258064516,21.032258064516128,32.66129032258065,1998-01-01
USW00003017,1998,2,0.23,44.82142857142857,23.0,33.910714285714285,1998-02-01
USW00003017,1998,3,0.86,50.774193548387096,22.967741935483872,36.87096774193548,1998-03-01
USW00003017,1998,4,2.47,57.6,31.933333333333334,45.0,1998-04-01
USW00003017,1998,5,1.73,75.03225806451613,43.225806451612904,59.41935483870968,1998-05-01
USW00003017,1998,6,0.73,78.73333333333333,47.3,63.36666666666667,1998-06-01
USW00003017,1998,7,5.92,88.06451612903226,60.54838709677419,74.51612903225806,1998-07-01
USW00003017,1998,8,1.19,86.12903225806451,57.32258064516129,71.90322580645162,1998-08-01
USW00003017,1998,9,0.73,83.6,52.36666666666667,68.23333333333333,1998-09-01
USW00003017,1998,10,1.2,63.064516129032256,37.29032258064516,50.29032258064516,1998-10-01
USW00003017,1998,11,0.4,54.96666666666667,29.2,42.233333333333334,1998-11-01
USW00003017,1998,12,0.42000000000000004,42.61290322580645,15.096774193548388,29.096774193548388,1998-12-01
USW00003017,1999,1,0.38,46.483870967741936,20.93548387096774,33.96774193548387,1999-01-01
USW00003017,1999,2,0.15,54.32142857142857,22.928571428571427,38.892857142857146,1999-02-01
USW00003017,1999,3,0.19,59.70967741935484,27.741935483870968,43.903225806451616,1999-03-01
USW00003017,1999,4,5.859999999999999,54.56666666666667,30.466666666666665,42.8,1999-04-01
USW00003017,1999,5,2.37,68.0,41.61290322580645,55.064516129032256,1999-05-01
USW00003017,1999,6,2.52,78.3,50.13333333333333,64.46666666666667,1999-06-01
USW00003017,1999,7,3.84,87.48387096774194,60.32258064516129,74.09677419354838,1999-07-01
USW00003017,1999,8,3.37,83.45161290322581,58.935483870967744,71.45161290322581,1999-08-01
USW00003017,1999,9,1.2000000000000002,72.63333333333334,45.833333333333336,59.53333333333333,1999-09-01
USW00003017,1999,10,0.31,68.25806451612904,36.645161290322584,52.70967741935484,1999-10-01
USW00003017,1999,11,0.47,62.86666666666667,31.566666666666666,47.233333333333334,1999-11-01
USW00003017,1999,12,0.29,45.32258064516129,22.161290322580644,33.96774193548387,1999-12-01
USW00003017,2000,1,0.24,46.29032258064516,19.677419354838708,33.25806451612903,2000-01-01
USW00003017,2000,2,0.23,53.55172413793103,24.724137931034484,39.3448275862069,2000-02-01
USW00003017,2000,3,1.96,53.45161290322581,27.322580645161292,40.67741935483871,2000-03-01
USW00003017,2000,4,0.71,65.96666666666667,33.6,50.11666666666667,2000-04-01
USW00003017,2000,5,3.09,74.80645161290323,43.58064516129032,59.45161290322581,2000-05-01
USW00003017,2000,6,0.79,83.16666666666667,50.7,67.2,2000-06-01
USW00003017,2000,7,1.4200000000000002,92.41935483870968,60.935483870967744,76.96774193548387,2000-07-01
USW00003017,2000,8,3.06,89.29032258064517,59.645161290322584,74.6774193548387,2000-08-01
USW00003017,2000,9,1.52,78.5,48.63333333333333,64.13333333333334,2000-09-01
USW00003017,2000,10,0.52,64.0,37.0,50.74193548387097,2000-10-01
USW00003017,2000,11,0.61,40.56666666666667,17.233333333333334,29.2,2000-11-01
USW00003017,2000,12,0.27,41.87096774193548,14.612903225806452,28.516129032258064,2000-12-01
USW00003017,2001,1,0.78,41.87096774193548,18.129032258064516,30.193548387096776,2001-01-01
USW00003017,2001,2,0.64,39.357142857142854,17.178571428571427,28.535714285714285,2001-02-01
USW00003017,2001,3,1.1,51.193548387096776,28.258064516129032,40.0,2001-03-01
USW00003017,2001,4,1.2000000000000002,62.93333333333333,36.166666666666664,49.833333333333336,2001-04-01
USW00003017,2001,5,3.8,69.6774193548387,44.38709677419355,57.32258064516129,2001-05-01
USW00003017,2001,6,1.5300000000000002,84.2,54.46666666666667,69.6,2001-06-01
USW00003017,2001,7,4.76,90.6774193548387,62.70967741935484,77.03225806451613,2001-07-01
USW00003017,2001,8,0.71,87.19354838709677,59.70967741935484,73.54838709677419,2001-08-01
USW00003017,2001,9,1.0,81.5,52.03333333333333,67.0,2001-09-01
USW00003017,2001,10,0.08,65.96774193548387,36.935483870967744,51.74193548387097,2001-10-01
USW00003017,2001,11,0.72,54.03333333333333,27.7,41.1,2001-11-01
USW00003017,2001,12,0.14,43.45161290322581,19.903225806451612,31.903225806451612,2001-12-01
USW00003017,2002,1,0.48,41.516129032258064,17.032258064516128,29.580645161290324,2002-01-01
USW00003017,2002,2,0.32,47.607142857142854,19.535714285714285,33.464285714285715,2002-02-01
USW00003017,2002,3,0.53,48.354838709677416,19.225806451612904,33.87096774193548,2002-03-01
USW00003017,2002,4,0.22999999999999998,66.0,34.03333333333333,50.233333333333334,2002-04-01
USW00003017,2002,5,0.94,70.54838709677419,41.70967741935484,56.354838709677416,2002-05-01
USW00003017,2002,6,1.45,87.23333333333333,55.03333333333333,71.16666666666667,2002-06-01
USW00003017,2002,7,1.39,91.48387096774194,60.96774193548387,76.45161290322581,2002-07-01
USW00003017,2002,8,0.78,87.12903225806451,55.87096774193548,71.74193548387096,2002-08-01
USW00003017,2002,9,0.58,77.43333333333334,49.833333333333336,63.86666666666667,2002-09-01
USW00003017,2002,10,0.49000000000000005,56.41935483870968,31.387096774193548,44.774193548387096,2002-10-01
USW00003017,2002,11,0.24,49.46666666666667,25.5,37.8,2002-11-01
USW00003017,2002,12,0.05,46.645161290322584,20.580645161290324,33.83870967741935,2002-12-01
USW00003017,2003,1,0.03,51.74193548387097,22.032258064516128,37.096774193548384,2003-01-01
USW00003017,2003,2,0.47000000000000003,38.642857142857146,16.464285714285715,27.821428571428573,2003-02-01
USW00003017,2003,3,3.0500000000000003,51.806451612903224,27.93548387096774,40.16129032258065,2003-03-01
USW00003017,2003,4,2.22,63.5,37.333333333333336,50.666666666666664,2003-04-01
USW00003017,2003,5,1.91,70.09677419354838,44.935483870967744,57.774193548387096,2003-05-01
USW00003017,2003,6,3.95,74.3,49.93333333333333,62.5,2003-06-01
USW00003017,2003,7,0.54,93.0,60.774193548387096,77.12903225806451,2003-07-01
USW00003017,2003,8,1.24,88.54838709677419,58.83870967741935,74.0,2003-08-01
USW00003017,2003,9,0.26,74.36666666666666,44.233333333333334,59.56666666666667,2003-09-01
USW00003017,2003,10,0.08,70.58064516129032,39.58064516129032,56.16129032258065,2003-10-01
USW00003017,2003,11,0.05,48.86666666666667,23.5,36.4,2003-11-01
USW00003017,2003,12,0.12,46.54838709677419,18.548387096774192,32.70967741935484,2003-12-01
USW00003017,2004,1,0.23,45.45161290322581,18.193548387096776,32.03225806451613,2004-01-01
USW00003017,2004,2,0.21,41.93103448275862,19.75862068965517,30.586206896551722,2004-02-01
USW00003017,2004,3,0.14,61.96774193548387,30.741935483870968,46.645161290322584,2004-03-01
USW00003017,2004,4,1.76,59.56666666666667,35.36666666666667,47.7,2004-04-01
USW00003017,2004,5,1.2999999999999998,73.93548387096774,44.70967741935484,59.54838709677419,2004-05-01
USW00003017,2004,6,2.33,76.93333333333334,50.5,63.93333333333333,2004-06-01
USW00003017,2004,7,2.5100000000000002,85.0,56.645161290322584,70.93548387096774,2004-07-01
USW00003017,2004,8,2.84,82.38709677419355,54.03225806451613,68.45161290322581,2004-08-01
USW00003017,2004,9,1.9900000000000002,77.63333333333334,47.7,62.86666666666667,2004-09-01
USW00003017,2004,10,0.86,65.58064516129032,36.064516129032256,51.096774193548384,2004-10-01
USW00003017,2004,11,0.44999999999999996,49.03333333333333,25.3,37.3,2004-11-01
USW00003017,2004,12,0.04,48.32258064516129,21.35483870967742,35.12903225806452,2004-12-01
USW00003017,2005,1,0.37,44.935483870967744,19.967741935483872,32.774193548387096,2005-01-01
USW00003017,2005,2,0.02,49.07142857142857,22.428571428571427,35.92857142857143,2005-02-01
USW00003017,2005,3,0.59,52.935483870967744,25.903225806451612,39.645161290322584,2005-03-01
USW00003017,2005,4,2.45,58.96666666666667,33.8,46.6,2005-04-01
USW00003017,2005,5,0.71,71.54838709677419,42.41935483870968,57.25806451612903,2005-05-01
USW00003017,2005,6,3.99,81.13333333333334,50.833333333333336,66.16666666666667,2005-06-01
USW00003017,2005,7,0.27,94.51612903225806,60.806451612903224,77.96774193548387,2005-07-01
USW00003017,2005,8,1.33,86.41935483870968,56.70967741935484,71.56451612903226,2005-08-01
USW00003017,2005,9,0.07,83.2,51.1,67.15,2005-09-01
USW00003017,2005,10,2.16,65.41935483870968,38.483870967741936,51.95161290322581,2005-10-01
USW00003017,2005,11,0.48,57.5,27.466666666666665,42.483333333333334,2005-11-01
USW00003017,2005,12,0.35,43.064516129032256,17.225806451612904,30.14516129032258,2005-12-01
USW00003017,2006,1,0.28,51.61290322580645,23.225806451612904,37.41935483870968,2006-01-01
USW00003017,2006,2,0.15,46.107142857142854,15.678571428571429,30.892857142857142,2006-02-01
USW00003017,2006,3,0.56,52.32258064516129,24.451612903225808,38.38709677419355,2006-03-01
USW00003017,2006,4,0.67,68.06666666666666,34.93333333333333,51.5,2006-04-01
USW00003017,2006,5,0.94,76.48387096774194,44.16129032258065,60.32258064516129,2006-05-01
USW00003017,2006,6,0.12000000000000001,89.6,56.0,72.8,2006-06-01
USW00003017,2006,7,1.3699999999999999,90.74193548387096,61.70967741935484,76.2258064516129,2006-07-01
USW00003017,2006,8,1.13,87.2258064516129,58.41935483870968,72.8225806451613,2006-08-01
USW00003017,2006,9,0.84,73.2,44.6,58.9,2006-09-01
USW00003017,2006,10,1.03,62.58064516129032,36.354838709677416,49.46774193548387,2006-10-01
USW00003017,2006,11,0.34,54.833333333333336,26.1,40.46666666666667,2006-11-01
USW00003017,2006,12,1.21,41.96774193548387,21.35483870967742,31.661290322580644,2006-12-01
USW00003017,2007,1,0.55,31.806451612903224,9.806451612903226,20.806451612903224,2007-01-01
USW00003017,2007,2,0.36000000000000004,40.25,17.785714285714285,29.017857142857142,2007-02-01
USW00003017,2007,3,0.5700000000000001,59.225806451612904,32.87096774193548,46.04838709677419,2007-03-01
USW00003017,2007,4,2.6499999999999995,59.93333333333333,33.6,46.766666666666666,2007-04-01
USW00003017,2007,5,1.79,71.38709677419355,44.61290322580645,58.0,2007-05-01
USW00003017,2007,6,0.52,85.33333333333333,52.333333333333336,68.83333333333333,2007-06-01
USW00003017,2007,7,0.43,91.58064516129032,61.064516129032256,76.3225806451613,2007-07-01
USW00003017,2007,8,2.76,89.80645161290323,60.96774193548387,75.38709677419355,2007-08-01
USW00003017,2007,9,0.54,80.1,50.03333333333333,65.06666666666666,2007-09-01
USW00003017,2007,10,3.0300000000000002,68.16129032258064,38.83870967741935,53.5,2007-10-01
USW00003017,2007,11,0.2,55.56666666666667,27.166666666666668,41.36666666666667,2007-11-01
USW00003017,2007,12,0.6,38.193548387096776,15.129032258064516,26.661290322580644,2007-12-01
USW00003017,2008,1,0.08,40.064516129032256,15.741935483870968,27.903225806451612,2008-01-01
USW00003017,2008,2,0.18,47.44827586206897,20.379310344827587,33.91379310344828,2008-02-01
USW00003017,2008,3,0.14,53.16129032258065,25.903225806451612,39.53225806451613,2008-03-01
USW00003017,2008,4,0.32,61.63333333333333,30.6,46.11666666666667,2008-04-01
USW00003017,2008,5,1.56,70.70967741935483,40.96774193548387,55.83870967741935,2008-05-01
USW00003017,2008,6,0.73,83.9,50.93333333333333,67.41666666666667,2008-06-01
USW00003017,2008,7,0.24,93.70967741935483,61.483870967741936,77.59677419354838,2008-07-01
USW00003017,2008,8,4.03,85.06451612903226,57.774193548387096,71.41935483870968,2008-08-01
USW00003017,2008,9,1.04,75.96666666666667,47.53333333333333,61.75,2008-09-01
USW00003017,2008,10,1.4400000000000002,66.2258064516129,37.935483870967744,52.08064516129032,2008-10-01
USW00003017,2008,11,0.18,57.333333333333336,28.766666666666666,43.05,2008-11-01
USW00003017,2008,12,0.24,41.0,12.290322580645162,26.64516129032258,2008-12-01
USW00003017,2009,1,0.13,48.16129032258065,21.612903225806452,34.88709677419355,2009-01-01
USW00003017,2009,2,0.04,53.035714285714285,21.607142857142858,37.32142857142857,2009-02-01
USW00003017,2009,3,0.83,56.58064516129032,27.032258064516128,41.806451612903224,2009-03-01
USW00003017,2009,4,3.2199999999999998,58.93333333333333,32.9,45.916666666666664,2009-04-01
USW00003017,2009,5,1.3,71.96774193548387,46.0,58.983870967741936,2009-05-01
USW00003017,2009,6,4.86,77.7,51.13333333333333,64.41666666666667,2009-06-01
USW00003017,2009,7,3.56,83.96774193548387,56.45161290322581,70.20967741935483,2009-07-01
USW00003017,2009,8,1.14,85.54838709677419,55.064516129032256,70.30645161290323,2009-08-01
USW00003017,2009,9,0.74,78.03333333333333,48.86666666666667,63.45,2009-09-01
USW00003017,2009,10,1.36,54.67741935483871,31.129032258064516,42.903225806451616,2009-10-01
USW00003017,2009,11,0.49,56.4,28.8,42.6,2009-11-01
USW00003017,2009,12,0.45,36.38709677419355,11.870967741935484,24.129032258064516,2009-12-01
USW00003017,2010,1,0.07,42.96774193548387,17.64516129032258,30.306451612903224,2010-01-01
USW00003017,2010,2,0.3,39.67857142857143,18.535714285714285,29.107142857142858,2010-02-01
USW00003017,2010,3,0.7999999999999999,53.516129032258064,28.451612903225808,40.983870967741936,2010-03-01
USW00003017,2010,4,2.51,61.666666666666664,33.86666666666667,47.766666666666666,2010-04-01
USW00003017,2010,5,1.52,68.25806451612904,39.74193548387097,54.0,2010-05-01
USW00003017,2010,6,1.5999999999999999,84.06666666666666,53.63333333333333,68.85,2010-06-01
USW00003017,2010,7,3.7,89.3225806451613,59.516129032258064,74.41935483870968,2010-07-01
USW00003017,2010,8,1.05,88.58064516129032,59.03225806451613,73.80645161290323,2010-08-01
USW00003017,2010,9,0.06,84.8,49.13333333333333,66.96666666666667,2010-09-01
USW00003017,2010,10,0.54,69.6774193548387,40.903225806451616,55.29032258064516,2010-10-01
USW00003017,2010,11,0.49,52.56666666666667,23.966666666666665,38.266666666666666,2010-11-01
USW00003017,2010,12,0.22,48.87096774193548,19.64516129032258,34.25806451612903,2010-12-01
USW00003017,2011,1,0.61,42.193548387096776,17.677419354838708,29.93548387096774,2011-01-01
USW00003017,2011,2,0.42000000000000004,43.357142857142854,14.678571428571429,29.017857142857142,2011-02-01
USW00003017,2011,3,0.35,58.70967741935484,27.806451612903224,43.25806451612903,2011-03-01
USW00003017,2011,4,1.07,62.733333333333334,34.0,48.36666666666667,2011-04-01
USW00003017,2011,5,4.79,65.41935483870968,40.70967741935484,53.064516129032256,2011-05-01
USW00003017,2011,6,2.43,83.33333333333333,53.0,68.16666666666667,2011-06-01
USW00003017,2011,7,3.41,91.06451612903226,60.74193548387097,75.90322580645162,2011-07-01
USW00003017,2011,8,0.30000000000000004,92.6774193548387,61.32258064516129,77.0,2011-08-01
USW00003017,2011,9,0.8900000000000001,78.6,49.86666666666667,64.23333333333333,2011-09-01
USW00003017,2011,10,1.79,67.25806451612904,37.903225806451616,52.58064516129032,2011-10-01
USW00003017,2011,11,0.47000000000000003,54.13333333333333,24.833333333333332,39.483333333333334,2011-11-01
USW00003017,2011,12,0.78,38.483870967741936,14.806451612903226,26.64516129032258,2011-12-01
USW00003017,2012,1,0.26,50.32258064516129,21.64516129032258,35.983870967741936,2012-01-01
USW00003017,2012,2,0.8999999999999999,38.724137931034484,18.103448275862068,28.413793103448278,2012-02-01
USW00003017,2012,3,0.03,65.45161290322581,32.903225806451616,49.17741935483871,2012-03-01
USW00003017,2012,4,1.39,68.63333333333334,37.93333333333333,53.28333333333333,2012-04-01
USW00003017,2012,5,1.01,75.41935483870968,45.54838709677419,60.483870967741936,2012-05-01
USW00003017,2012,6,1.22,91.66666666666667,58.36666666666667,75.01666666666667,2012-06-01
USW00003017,2012,7,0.48,94.38709677419355,63.38709677419355,78.88709677419355,2012-07-01
USW00003017,2012,8,0.11,91.03225806451613,58.903225806451616,74.96774193548387,2012-08-01
USW00003017,2012,9,2.95,80.26666666666667,52.3,66.28333333333333,2012-09-01
USW00003017,2012,10,1.2200000000000002,62.193548387096776,35.87096774193548,49.03225806451613,2012-10-01
USW00003017,2012,11,0.27,58.43333333333333,28.533333333333335,43.483333333333334,2012-11-01
USW00003017,2012,12,0.27,44.193548387096776,18.806451612903224,31.5,2012-12-01
USW00003017,2013,1,0.31,44.645161290322584,16.032258064516128,30.338709677419356,2013-01-01
USW00003017,2013,2,0.77,43.285714285714285,16.857142857142858,30.071428571428573,2013-02-01
USW00003017,2013,3,1.47,50.74193548387097,24.64516129032258,37.693548387096776,2013-03-01
USW00003017,2013,4,0.0,,,,2013-04-01
USW00003017,2013,5,0.0,,,,2013-05-01
USW00003017,2013,6,0.0,,,,2013-06-01
USW00003017,2013,7,0.0,,,,2013-07-01
USW00003017,2013,8,0.0,,,,2013-08-01
USW00003017,2013,9,0.0,,,,2013-09-01
USW00003017,2013,11,0.12,,,,2013-11-01
USW00003017,2013,12,0.28,58.0,30.0,44.0,2013-12-01
USW00003017,2014,1,0.94,44.87096774193548,17.29032258064516,31.483870967741936,2014-01-01
USW00003017,2014,2,0.19,42.285714285714285,14.107142857142858,28.142857142857142,2014-02-01
USW00003017,2014,3,0.83,55.806451612903224,25.93548387096774,40.67741935483871,2014-03-01
USW00003017,2014,4,1.24,62.833333333333336,35.2,49.13333333333333,2014-04-01
USW00003017,2014,5,3.51,70.61290322580645,44.45161290322581,56.70967741935484,2014-05-01
USW00003017,2014,6,1.82,83.36666666666666,51.2,66.93333333333334,2014-06-01
USW00003017,2014,7,3.8499999999999996,88.3225806451613,60.61290322580645,73.45161290322581,2014-07-01
USW00003017,2014,8,2.73,83.80645161290323,57.354838709677416,69.38709677419355,2014-08-01
USW00003017,2014,9,1.79,78.9,50.6,64.13333333333334,2014-09-01
USW00003017,2014,10,0.52,69.51612903225806,40.67741935483871,54.54838709677419,2014-10-01
USW00003017,2014,11,0.76,50.56666666666667,21.833333333333332,36.2,2014-11-01
USW00003017,2014,12,0.5900000000000001,44.12903225806452,18.516129032258064,30.741935483870968,2014-12-01
USW00003017,2015,1,0.38,46.74193548387097,21.0,33.87096774193548,2015-01-01
USW00003017,2015,2,1.25,46.57142857142857,21.035714285714285,34.035714285714285,2015-02-01
USW00003017,2015,3,0.79,58.87096774193548,31.193548387096776,44.61290322580645,2015-03-01
USW00003017,2015,4,2.65,62.13333333333333,35.3,48.733333333333334,2015-04-01
USW00003017,2015,5,3.7600000000000002,63.29032258064516,42.74193548387097,52.41935483870968,2015-05-01
USW00003017,2015,6,2.5300000000000002,82.9,56.1,68.76666666666667,2015-06-01
USW00003017,2015,7,1.06,87.58064516129032,57.935483870967744,72.03225806451613,2015-07-01
USW00003017,2015,8,1.18,89.80645161290323,58.29032258064516,73.3225806451613,2015-08-01
USW00003017,2015,9,0.11000000000000001,85.23333333333333,53.53333333333333,69.0,2015-09-01
USW00003017,2015,10,1.76,70.09677419354838,42.806451612903224,56.03225806451613,2015-10-01
USW00003017,2015,11,2.13,51.233333333333334,25.666666666666668,38.13333333333333,2015-11-01
USW00003017,2015,12,0.71,40.903225806451616,17.903225806451612,29.806451612903224,2015-12-01
USW00003017,2016,1,0.5,43.45161290322581,20.129032258064516,31.06451612903226,2016-01-01
USW00003017,2016,2,0.48,52.241379310344826,23.448275862068964,37.6551724137931,2016-02-01
USW00003017,2016,3,1.1800000000000002,54.935483870967744,28.258064516129032,41.903225806451616,2016-03-01
USW00003017,2016,4,2.56,59.36666666666667,35.06666666666667,47.43333333333333,2016-04-01
USW00003017,2016,5,2.38,66.90322580645162,41.87096774193548,53.806451612903224,2016-05-01
USW00003017,2016,6,1.62,85.46666666666667,56.166666666666664,70.76666666666667,2016-06-01
USW00003017,2016,7,1.07,92.0,60.483870967741936,75.61290322580645,2016-07-01
USW00003017,2016,8,0.22,86.25806451612904,56.225806451612904,70.7741935483871,2016-08-01
USW00003017,2016,9,0.28,82.26666666666667,49.666666666666664,65.7,2016-09-01
USW00003017,2016,10,0.26,74.45161290322581,41.16129032258065,57.74193548387097,2016-10-01
USW00003017,2016,11,0.52,59.9,30.366666666666667,45.5,2016-11-01
USW00003017,2016,12,0.78,42.67741935483871,12.903225806451612,27.93548387096774,2016-12-01
USW00003017,2017,1,0.54,42.29032258064516,17.741935483870968,29.387096774193548,2017-01-01
USW00003017,2017,2,0.23,53.857142857142854,26.642857142857142,40.5,2017-02-01
USW00003017,2017,3,0.9,64.0,31.870967741935484,48.354838709677416,2017-03-01
USW00003017,2017,4,0.98,63.2,34.53333333333333,48.833333333333336,2017-04-01
USW00003017,2017,5,3.66,69.61290322580645,42.25806451612903,55.483870967741936,2017-05-01
USW00003017,2017,6,0.33,85.46666666666667,53.56666666666667,70.03333333333333,2017-06-01
USW00003017,2017,7,0.47,91.51612903225806,61.29032258064516,75.48387096774194,2017-07-01
USW00003017,2017,8,1.8599999999999999,85.6774193548387,57.25806451612903,70.35483870967742,2017-08-01
USW00003017,2017,9,1.26,78.96666666666667,51.266666666666666,64.73333333333333,2017-09-01
USW00003017,2017,10,0.96,64.51612903225806,35.70967741935484,50.193548387096776,2017-10-01
USW00003017,2017,11,0.29000000000000004,61.13333333333333,29.4,44.7,2017-11-01
USW00003017,2017,12,0.21000000000000002,48.29032258064516,18.032258064516128,33.096774193548384,2017-12-01
USW00003017,2018,1,0.54,49.16129032258065,20.129032258064516,34.03225806451613,2018-01-01
USW00003017,2018,2,0.31,44.42857142857143,15.357142857142858,29.714285714285715,2018-02-01
USW00003017,2018,3,1.02,58.516129032258064,26.838709677419356,42.74193548387097,2018-03-01
USW00003017,2018,4,0.86,63.166666666666664,32.46666666666667,47.9,2018-04-01
USW00003017,2018,5,1.86,75.41935483870968,47.41935483870968,60.74193548387097,2018-05-01
USW00003017,2018,6,0.43000000000000005,88.83333333333333,56.03333333333333,72.86666666666666,2018-06-01
USW00003017,2018,7,1.03,90.2258064516129,60.32258064516129,74.51612903225806,2018-07-01
USW00003017,2018,8,0.9299999999999999,86.80645161290323,58.03225806451613,71.74193548387096,2018-08-01
USW00003017,2018,9,0.18,82.73333333333333,52.8,67.23333333333333,2018-09-01
USW00003017,2018,10,0.99,61.54838709677419,36.806451612903224,48.67741935483871,2018-10-01
USW00003017,2018,11,0.35000000000000003,50.6,25.0,37.63333333333333,2018-11-01
USW00003017,2018,12,0.03,46.064516129032256,18.838709677419356,32.064516129032256,2018-12-01
USW00003017,2019,1,0.75,44.58064516129032,19.451612903225808,31.419354838709676,2019-01-01
USW00003017,2019,2,0.72,40.75,15.285714285714286,27.0,2019-02-01
USW00003017,2019,3,1.39,46.70967741935484,23.516129032258064,34.806451612903224,2019-03-01
USW00003017,2019,4,1.25,62.7,35.56666666666667,49.266666666666666,2019-04-01
USW00003017,2019,5,3.23,63.935483870967744,39.225806451612904,51.225806451612904,2019-05-01
USW00003017,2019,6,2.2399999999999998,80.1,51.166666666666664,65.2,2019-06-01
USW00003017,2019,7,2.42,91.06451612903226,60.38709677419355,75.12903225806451,2019-07-01
USW00003017,2019,8,0.5800000000000001,90.54838709677419,60.16129032258065,74.48387096774194,2019-08-01
USW00003017,2019,9,0.41000000000000003,85.46666666666667,53.2,68.83333333333333,2019-09-01
USW00003017,2019,10,0.91,58.483870967741936,28.93548387096774,44.12903225806452,2019-10-01
USW00003017,2019,11,1.31,49.7,22.666666666666668,36.36666666666667,2019-11-01
USW00003017,2019,12,0.3,45.29032258064516,22.06451612903226,33.29032258064516,2019-12-01
USW00003017,2020,1,0.14,48.0,21.129032258064516,34.41935483870968,2020-01-01
USW00003017,2020,2,0.88,39.89655172413793,16.344827586206897,28.120689655172413,2020-02-01
USW00003017,2020,3,1.26,55.96774193548387,29.0,41.935483870967744,2020-03-01
USW00003017,2020,4,0.54,61.13333333333333,31.366666666666667,46.766666666666666,2020-04-01
USW00003017,2020,5,1.65,74.96774193548387,44.225806451612904,59.45161290322581,2020-05-01
USW00003017,2020,6,0.71,87.73333333333333,54.36666666666667,71.83333333333333,2020-06-01
USW00003017,2020,7,0.95,92.35483870967742,60.70967741935484,75.70967741935483,2020-07-01
USW00003017,2020,8,0.35000000000000003,93.45161290322581,60.58064516129032,76.83870967741936,2020-08-01
USW00003017,2020,9,0.9299999999999999,80.66666666666667,50.2,65.03333333333333,2020-09-01
USW00003017,2020,10,0.26,66.29032258064517,33.38709677419355,50.0,2020-10-01
USW00003017,2020,11,0.5,58.7,28.666666666666668,43.7,2020-11-01
USW00003017,2020,12,0.5700000000000001,45.45161290322581,20.677419354838708,33.12903225806452,2020-12-01
USW00003017,2021,1,0.22,46.16129032258065,21.612903225806452,32.74193548387097,2021-01-01
USW00003017,2021,2,0.8,38.42857142857143,12.285714285714286,25.214285714285715,2021-02-01
USW00003017,2021,3,3.8,51.193548387096776,27.580645161290324,38.87096774193548,2021-03-01
USW00003017,2021,4,2.02,59.766666666666666,32.6,45.96666666666667,2021-04-01
USW00003017,2021,5,3.65,68.06451612903226,44.096774193548384,55.96774193548387,2021-05-01
USW00003017,2021,6,0.84,86.43333333333334,56.766666666666666,71.36666666666666,2021-06-01
USW00003017,2021,7,0.34,91.38709677419355,62.0,76.0,2021-07-01
USW00003017,2021,8,0.26999999999999996,90.64516129032258,60.16129032258065,75.09677419354838,2021-08-01
USW00003017,2021,9,0.28,83.93333333333334,53.6,68.93333333333334,2021-09-01
USW00003017,2021,10,0.08,69.25806451612904,38.61290322580645,53.354838709677416,2021-10-01
USW00003017,2021,11,0.06999999999999999,61.4,31.2,46.333333333333336,2021-11-01
USW00003017,2021,12,0.16,54.064516129032256,22.741935483870968,39.0,2021-12-01
USW00003017,2022,1,0.78,45.12903225806452,16.64516129032258,30.838709677419356,2022-01-01
USW00003017,2022,2,0.94,42.285714285714285,15.821428571428571,28.964285714285715,2022-02-01
USW00003017,2022,3,1.17,53.70967741935484,25.161290322580644,39.61290322580645,2022-03-01
USW00003017,2022,4,0.060000000000000005,64.66666666666667,31.766666666666666,49.43333333333333,2022-04-01
USW00003017,2022,5,2.59,71.70967741935483,41.96774193548387,57.225806451612904,2022-05-01
USW00003017,2022,6,0.5800000000000001,86.03333333333333,54.333333333333336,70.2,2022-06-01
USW00003017,2022,7,0.99,93.45161290322581,62.645161290322584,76.74193548387096,2022-07-01
USW00003017,2022,8,1.45,90.29032258064517,61.87096774193548,75.19354838709677,2022-08-01
USW00003017,2022,9,1.25,84.3,53.63333333333333,68.26666666666667,2022-09-01
USW00003017,2022,10,0.46,67.25806451612904,40.29032258064516,52.903225806451616,2022-10-01
USW00003017,2022,11,0.47000000000000003,48.733333333333334,22.533333333333335,35.46666666666667,2022-11-01
USW00003017,2022,12,1.18,44.61290322580645,14.0,30.096774193548388,2022-12-01
USW00003017,2023,1,1.25,34.32258064516129,15.741935483870968,25.70967741935484,2023-01-01
USW00003017,2023,2,0.25,43.25,18.964285714285715,30.392857142857142,2023-02-01
USW00003017,2023,3,0.49,49.096774193548384,22.70967741935484,35.645161290322584,2023-03-01
USW00003017,2023,4,0.8,63.266666666666666,32.233333333333334,47.46666666666667,2023-04-01
USW00003017,2023,5,5.529999999999999,71.74193548387096,47.0,58.45161290322581,2023-05-01
USW00003017,2023,6,6.1000000000000005,75.6,52.7,63.733333333333334,2023-06-01
USW00003017,2023,7,2.1,87.96774193548387,59.806451612903224,73.06451612903226,2023-07-01
USW00003017,2023,8,0.93,88.25806451612904,60.096774193548384,73.3225806451613,2023-08-01
USW00003017,2023,9,0.67,83.7,52.333333333333336,67.46666666666667,2023-09-01
USW00003017,2023,10,0.52,67.48387096774194,37.45161290322581,52.225806451612904,2023-10-01
USW00003017,2023,11,0.18,57.6,28.866666666666667,42.9,2023-11-01
USW00003017,2023,12,0.12000000000000001,50.45161290322581,24.322580645161292,37.16129032258065,2023-12-01
USW00003017,2024,1,0.28,41.774193548387096,14.548387096774194,28.032258064516128,2024-01-01
USW00003017,2024,2,1.46,50.62068965517241,24.620689655172413,37.689655172413794,2024-02-01
USW00003017,2024,3,1.6500000000000001,55.354838709677416,27.516129032258064,41.516129032258064,2024-03-01
USW00003017,2024,4,3.2800000000000002,63.9,37.1,50.333333333333336,2024-04-01
USW00003017,2024,5,1.7,70.61290322580645,43.16129032258065,56.83870967741935,2024-05-01
USW00003017,2024,6,0.36,90.06666666666666,57.46666666666667,73.53333333333333,2024-06-01
USW00003017,2024,7,1.1,91.6774193548387,59.645161290322584,75.54838709677419,2024-07-01
USW00003017,2024,8,0.9199999999999999,90.61290322580645,60.58064516129032,74.80645161290323,2024-08-01
USW00003017,2024,9,1.24,85.5,54.5,69.73333333333333,2024-09-01
USW00003017,2024,10,0.11,75.09677419354838,43.193548387096776,58.774193548387096,2024-10-01
USW00003017,2024,11,1.98,49.733333333333334,26.633333333333333,38.2,2024-11-01
USW00003017,2024,12,0.04,53.74193548387097,25.096774193548388,39.25806451612903,2024-12-01
USW00012839,1996,6,11.620000000000001,89.875,75.5,82.6875,1996-06-01
USW00012839,1996,7,5.25,90.48387096774194,78.45161290322581,84.46774193548387,1996-07-01
USW00012839,1996,8,5.55,89.74193548387096,76.45161290322581,83.09677419354838,1996-08-01
USW00012839,1996,9,7.21,89.8,76.53333333333333,83.16666666666667,1996-09-01
USW00012839,1996,10,10.1,84.0,72.83870967741936,78.41935483870968,1996-10-01
USW00012839,1996,11,0.6900000000000001,80.36666666666666,68.13333333333334,74.25,1996-11-01
USW00012839,1996,12,1.04,78.03225806451613,62.354838709677416,70.19354838709677,1996-12-01
USW00012839,1997,1,1.71,76.25806451612904,60.225806451612904,68.24193548387096,1997-01-01
USW00012839,1997,2,1.57,80.85714285714286,67.67857142857143,74.26785714285714,1997-02-01
USW00012839,1997,3,2.06,83.09677419354838,69.54838709677419,76.3225806451613,1997-03-01
USW00012839,1997,4,5.16,82.6,68.76666666666667,75.68333333333334,1997-04-01
USW00012839,1997,5,9.8,87.09677419354838,73.96774193548387,80.53225806451613,1997-05-01
USW00012839,1997,6,13.18,89.1,75.16666666666667,82.13333333333334,1997-06-01
USW00012839,1997,7,7.62,90.70967741935483,77.45161290322581,84.08064516129032,1997-07-01
USW00012839,1997,8,6.28,91.12903225806451,77.48387096774194,84.30645161290323,1997-08-01
USW00012839,1997,9,12.47,87.6,75.4,81.5,1997-09-01
USW00012839,1997,10,2.6,84.93548387096774,72.2258064516129,78.58064516129032,1997-10-01
USW00012839,1997,11,2.89,80.5,67.73333333333333,74.11666666666666,1997-11-01
USW00012839,1997,12,5.27,75.6774193548387,62.096774193548384,68.88709677419355,1997-12-01
USW00012839,1998,1,1.04,76.48387096774194,63.61290322580645,70.04838709677419,1998-01-01
USW00012839,1998,2,6.62,76.28571428571429,62.142857142857146,69.21428571428571,1998-02-01
USW00012839,1998,3,5.970000000000001,76.58064516129032,62.41935483870968,69.5,1998-03-01
USW00012839,1998,4,0.66,82.56666666666666,69.36666666666666,76.23333333333333,1998-04-01
USW00012839,1998,5,3.45,88.41935483870968,72.96774193548387,80.90322580645162,1998-05-01
USW00012839,1998,6,6.67,92.46666666666667,78.16666666666667,85.53333333333333,1998-06-01
USW00012839,1998,7,5.41,91.70967741935483,77.90322580645162,85.09677419354838,1998-07-01
USW00012839,1998,8,11.66,91.45161290322581,78.19354838709677,85.06451612903226,1998-08-01
USW00012839,1998,9,14.41,88.8,77.6,83.5,1998-09-01
USW00012839,1998,10,5.7,86.19354838709677,75.29032258064517,81.06451612903226,1998-10-01
USW00012839,1998,11,6.66,82.23333333333333,70.33333333333333,76.6,1998-11-01
USW00012839,1998,12,1.98,79.74193548387096,67.06451612903226,73.6774193548387,1998-12-01
USW00012839,1999,1,2.98,77.25806451612904,62.67741935483871,70.16129032258064,1999-01-01
USW00012839,1999,2,0.27,77.89285714285714,61.214285714285715,69.75,1999-02-01
USW00012839,1999,3,0.24999999999999997,79.16129032258064,61.806451612903224,70.7741935483871,1999-03-01
USW00012839,1999,4,1.4600000000000002,85.83333333333333,69.66666666666667,78.0,1999-04-01
USW00012839,1999,5,4.89,86.6774193548387,70.51612903225806,78.83870967741936,1999-05-01
USW00012839,1999,6,11.08,87.06666666666666,74.56666666666666,81.06666666666666,1999-06-01
USW00012839,1999,7,3.6,90.2258064516129,77.70967741935483,84.16129032258064,1999-07-01
USW00012839,1999,8,13.87,90.96774193548387,76.12903225806451,83.80645161290323,1999-08-01
USW00012839,1999,9,7.01,88.1,75.73333333333333,82.1,1999-09-01
USW00012839,1999,10,14.549999999999999,84.61290322580645,73.74193548387096,79.41935483870968,1999-10-01
USW00012839,1999,11,1.45,80.53333333333333,68.0,74.5,1999-11-01
USW00012839,1999,12,2.68,76.80645161290323,63.193548387096776,70.29032258064517,1999-12-01
USW00012839,2000,1,0.52,76.25806451612904,60.83870967741935,68.70967741935483,2000-01-01
USW00012839,2000,2,1.24,76.93103448275862,62.0,69.65517241379311,2000-02-01
USW00012839,2000,3,0.35,82.45161290322581,67.51612903225806,75.2258064516129,2000-03-01
USW00012839,2000,4,3.3600000000000003,83.03333333333333,67.23333333333333,75.4,2000-04-01
USW00012839,2000,5,1.8,86.87096774193549,73.54838709677419,80.48387096774194,2000-05-01
USW00012839,2000,6,5.19,88.26666666666667,75.8,82.26666666666667,2000-06-01
USW00012839,2000,7,5.29,90.7741935483871,76.83870967741936,84.09677419354838,2000-07-01
USW00012839,2000,8,7.42,89.96774193548387,76.80645161290323,83.6774193548387,2000-08-01
USW00012839,2000,9,10.58,88.93333333333334,76.96666666666667,80.4,2000-09-01
USW00012839,2000,10,18.65,84.25806451612904,71.90322580645162,78.25806451612904,2000-10-01
USW00012839,2000,11,0.5,81.13333333333334,65.8,73.76666666666667,2000-11-01
USW00012839,2000,12,6.1499999999999995,75.6774193548387,61.935483870967744,69.09677419354838,2000-12-01
USW00012839,2001,1,0.6,72.90322580645162,53.45161290322581,63.29032258064516,2001-01-01
USW00012839,2001,2,0.05,80.82142857142857,67.53571428571429,74.5,2001-02-01
USW00012839,2001,3,4.76,82.19354838709677,64.80645161290323,73.74193548387096,2001-03-01
USW00012839,2001,4,1.79,82.7,69.23333333333333,76.16666666666667,2001-04-01
USW00012839,2001,5,6.1,84.09677419354838,71.16129032258064,77.90322580645162,2001-05-01
USW00012839,2001,6,8.94,89.63333333333334,75.6,82.73333333333333,2001-06-01
USW00012839,2001,7,6.92,89.35483870967742,75.70967741935483,82.80645161290323,2001-07-01
USW00012839,2001,8,7.27,90.35483870967742,78.29032258064517,84.51612903225806,2001-08-01
USW00012839,2001,9,17.99,87.33333333333333,75.8,81.83333333333333,2001-09-01
USW00012839,2001,10,13.16,84.64516129032258,73.51612903225806,79.3225806451613,2001-10-01
USW00012839,2001,11,1.42,80.4,68.0,74.43333333333334,2001-11-01
USW00012839,2001,12,3.0300000000000002,79.12903225806451,67.48387096774194,73.54838709677419,2001-12-01
USW00012839,2002,1,0.22,77.41935483870968,62.096774193548384,70.09677419354838,2002-01-01
USW00012839,2002,2,3.58,77.42857142857143,62.57142857142857,70.21428571428571,2002-02-01
USW00012839,2002,3,0.8900000000000001,82.06451612903226,68.38709677419355,75.45161290322581,2002-03-01
USW00012839,2002,4,1.32,84.76666666666667,72.1,78.63333333333334,2002-04-01
USW00012839,2002,5,8.23,86.83870967741936,74.70967741935483,81.03225806451613,2002-05-01
USW00012839,2002,6,15.41,86.13333333333334,74.4,80.5,2002-06-01
USW00012839,2002,7,12.76,89.29032258064517,76.6774193548387,80.74193548387096,2002-07-01
USW00012839,2002,8,6.55,90.61290322580645,77.09677419354838,84.06451612903226,2002-08-01
USW00012839,2002,9,6.4799999999999995,89.36666666666666,77.16666666666667,83.53333333333333,2002-09-01
USW00012839,2002,10,0.72,88.45161290322581,75.64516129032258,82.3225806451613,2002-10-01
USW00012839,2002,11,3.74,81.7,65.9,71.7,2002-11-01
USW00012839,2002,12,3.39,78.3225806451613,62.806451612903224,70.7741935483871,2002-12-01
USW00012839,2003,1,0.43,72.83870967741936,53.516129032258064,63.45161290322581,2003-01-01
USW00012839,2003,2,0.83,81.10714285714286,64.78571428571429,73.25,2003-02-01
USW00012839,2003,3,3.89,86.29032258064517,70.96774193548387,78.90322580645162,2003-03-01
USW00012839,2003,4,2.87,82.96666666666667,68.6,76.16666666666667,2003-04-01
USW00012839,2003,5,11.049999999999999,87.93548387096774,74.87096774193549,81.64516129032258,2003-05-01
USW00012839,2003,6,11.94,88.23333333333333,76.33333333333333,82.43333333333334,2003-06-01
USW00012839,2003,7,6.32,90.25806451612904,78.6774193548387,84.70967741935483,2003-07-01
USW00012839,2003,8,9.65,89.2258064516129,76.96774193548387,83.35483870967742,2003-08-01
USW00012839,2003,9,13.18,88.4,76.06666666666666,82.33333333333333,2003-09-01
USW00012839,2003,10,4.09,86.6774193548387,74.64516129032258,80.93548387096774,2003-10-01
USW00012839,2003,11,6.64,82.23333333333333,69.66666666666667,76.26666666666667,2003-11-01
USW00012839,2003,12,1.24,74.83870967741936,59.16129032258065,67.2258064516129,2003-12-01
USW00012839,2004,1,2.52,75.19354838709677,58.32258064516129,67.09677419354838,2004-01-01
USW00012839,2004,2,3.08,78.65517241379311,62.758620689655174,70.96551724137932,2004-02-01
USW00012839,2004,3,1.5,79.61290322580645,65.87096774193549,72.2258064516129,2004-03-01
USW00012839,2004,4,4.0,81.66666666666667,66.1,73.93333333333334,2004-04-01
USW00012839,2004,5,2.4499999999999997,85.58064516129032,73.64516129032258,79.96774193548387,2004-05-01
USW00012839,2004,6,6.79,90.56666666666666,77.33333333333333,84.13333333333334,2004-06-01
USW00012839,2004,7,6.74,91.29032258064517,77.38709677419355,81.87096774193549,2004-07-01
USW00012839,2004,8,10.09,90.58064516129032,77.03225806451613,84.0,2004-08-01
USW00012839,2004,9,10.88,87.96666666666667,77.16666666666667,82.7,2004-09-01
USW00012839,2004,10,5.54,85.3225806451613,73.09677419354838,79.54838709677419,2004-10-01
USW00012839,2004,11,0.33999999999999997,81.5,68.73333333333333,75.36666666666666,2004-11-01
USW00012839,2004,12,0.51,76.03225806451613,61.38709677419355,69.0,2004-12-01
USW00012839,2005,1,1.92,75.54838709677419,60.38709677419355,68.2258064516129,2005-01-01
USW00012839,2005,2,0.62,76.46428571428571,60.67857142857143,68.64285714285714,2005-02-01
USW00012839,2005,3,3.97,79.25806451612904,63.193548387096776,71.54838709677419,2005-03-01
USW00012839,2005,4,3.27,81.6,65.53333333333333,73.86666666666666,2005-04-01
USW00012839,2005,5,7.47,86.25806451612904,72.06451612903226,79.38709677419355,2005-05-01
USW00012839,2005,6,17.599999999999998,87.53333333333333,75.03333333333333,81.36666666666666,2005-06-01
USW00012839,2005,7,5.0,91.45161290322581,78.83870967741936,85.38709677419355,2005-07-01
USW00012839,2005,8,9.27,91.83870967741936,78.58064516129032,85.20967741935483,2005-08-01
USW00012839,2005,9,9.91,89.6,76.7,83.15,2005-09-01
USW00012839,2005,10,5.48,85.06451612903226,73.61290322580645,79.33870967741936,2005-10-01
USW00012839,2005,11,2.7,81.6,69.33333333333333,75.46666666666667,2005-11-01
USW00012839,2005,12,1.0,76.7741935483871,61.87096774193548,69.3225806451613,2005-12-01
USW00012839,2006,1,0.32,76.25806451612904,62.225806451612904,69.24193548387096,2006-01-01
USW00012839,2006,2,3.47,76.17857142857143,58.857142857142854,67.51785714285714,2006-02-01
USW00012839,2006,3,1.1,79.80645161290323,64.29032258064517,72.04838709677419,2006-03-01
USW00012839,2006,4,0.23,84.9,69.6,77.25,2006-04-01
USW00012839,2006,5,8.620000000000001,87.48387096774194,71.35483870967742,79.41935483870968,2006-05-01
USW00012839,2006,6,7.05,88.93333333333334,76.53333333333333,82.73333333333333,2006-06-01
USW00012839,2006,7,7.32,89.03225806451613,76.90322580645162,82.96774193548387,2006-07-01
USW00012839,2006,8,12.95,90.38709677419355,77.2258064516129,83.80645161290323,2006-08-01
USW00012839,2006,9,16.73,89.3,76.23333333333333,82.76666666666667,2006-09-01
USW00012839,2006,10,1.64,87.0,73.25806451612904,80.12903225806451,2006-10-01
USW00012839,2006,11,1.63,79.7,66.26666666666667,72.98333333333333,2006-11-01
USW00012839,2006,12,3.11,79.70967741935483,69.16129032258064,74.43548387096774,2006-12-01
USW00012839,2007,1,0.54,79.3225806451613,65.70967741935483,72.51612903225806,2007-01-01
USW00012839,2007,2,2.13,77.17857142857143,61.25,69.21428571428571,2007-02-01
USW00012839,2007,3,2.7,80.61290322580645,67.16129032258064,73.88709677419355,2007-03-01
USW00012839,2007,4,5.33,82.9,67.2,75.05,2007-04-01
USW00012839,2007,5,5.28,85.35483870967742,71.80645161290323,78.58064516129032,2007-05-01
USW00012839,2007,6,15.219999999999999,88.73333333333333,74.1,81.41666666666667,2007-06-01
USW00012839,2007,7,9.03,90.83870967741936,76.96774193548387,83.90322580645162,2007-07-01
USW00012839,2007,8,4.4399999999999995,91.58064516129032,78.35483870967742,84.96774193548387,2007-08-01
USW00012839,2007,9,8.219999999999999,90.1,76.16666666666667,83.13333333333334,2007-09-01
USW00012839,2007,10,9.63,86.54838709677419,76.41935483870968,81.48387096774194,2007-10-01
USW00012839,2007,11,0.66,81.63333333333334,68.13333333333334,74.88333333333334,2007-11-01
USW00012839,2007,12,0.79,81.61290322580645,68.09677419354838,74.85483870967742,2007-12-01
USW00012839,2008,1,1.25,77.80645161290323,62.806451612903224,70.30645161290323,2008-01-01
USW00012839,2008,2,4.11,81.58620689655173,66.96551724137932,74.27586206896552,2008-02-01
USW00012839,2008,3,5.24,81.74193548387096,67.29032258064517,74.51612903225806,2008-03-01
USW00012839,2008,4,3.78,83.63333333333334,69.96666666666667,76.8,2008-04-01
USW00012839,2008,5,1.71,88.74193548387096,74.03225806451613,81.38709677419355,2008-05-01
USW00012839,2008,6,9.63,89.6,77.0,83.3,2008-06-01
USW00012839,2008,7,8.93,89.80645161290323,75.96774193548387,82.88709677419355,2008-07-01
USW00012839,2008,8,9.99,90.7741935483871,77.03225806451613,83.90322580645162,2008-08-01
USW00012839,2008,9,7.87,88.93333333333334,78.03333333333333,83.48333333333333,2008-09-01
USW00012839,2008,10,6.51,84.09677419354838,72.38709677419355,78.24193548387096,2008-10-01
USW00012839,2008,11,0.97,79.6,63.9,71.75,2008-11-01
USW00012839,2008,12,0.28,78.61290322580645,64.74193548387096,71.6774193548387,2008-12-01
USW00012839,2009,1,0.34,76.45161290322581,58.61290322580645,67.53225806451613,2009-01-01
USW00012839,2009,2,0.12,76.35714285714286,59.67857142857143,68.01785714285714,2009-02-01
USW00012839,2009,3,1.78,79.80645161290323,65.58064516129032,72.69354838709677,2009-03-01
USW00012839,2009,4,1.17,84.43333333333334,69.63333333333334,77.03333333333333,2009-04-01
USW00012839,2009,5,7.53,87.48387096774194,73.58064516129032,80.53225806451613,2009-05-01
USW00012839,2009,6,11.64,90.9,76.0,83.45,2009-06-01
USW00012839,2009,7,6.17,92.0,77.87096774193549,84.93548387096774,2009-07-01
USW00012839,2009,8,7.909999999999999,91.64516129032258,79.2258064516129,85.43548387096774,2009-08-01
USW00012839,2009,9,6.83,90.1,77.66666666666667,83.88333333333334,2009-09-01
USW00012839,2009,10,2.62,88.61290322580645,76.16129032258064,82.38709677419355,2009-10-01
USW00012839,2009,11,2.97,82.66666666666667,68.76666666666667,75.71666666666667,2009-11-01
USW00012839,2009,12,3.0100000000000002,79.6774193548387,66.25806451612904,72.96774193548387,2009-12-01
USW00012839,2010,1,0.89,72.38709677419355,55.74193548387097,64.06451612903226,2010-01-01
USW00012839,2010,2,4.69,73.0,56.25,64.625,2010-02-01
USW00012839,2010,3,2.81,76.09677419354838,59.32258064516129,67.70967741935483,2010-03-01
USW00012839,2010,4,8.95,82.8,69.86666666666666,76.33333333333333,2010-04-01
USW00012839,2010,5,3.4199999999999995,88.45161290322581,76.38709677419355,82.41935483870968,2010-05-01
USW00012839,2010,6,7.2,92.33333333333333,78.7,85.51666666666667,2010-06-01
USW00012839,2010,7,7.36,91.2258064516129,78.58064516129032,84.90322580645162,2010-07-01
USW00012839,2010,8,8.75,91.64516129032258,78.54838709677419,85.09677419354838,2010-08-01
USW00012839,2010,9,15.89,89.43333333333334,77.46666666666667,83.45,2010-09-01
USW00012839,2010,10,1.58,86.03225806451613,73.12903225806451,79.58064516129032,2010-10-01
USW00012839,2010,11,2.35,80.6,67.03333333333333,73.81666666666666,2010-11-01
USW00012839,2010,12,1.21,71.06451612903226,51.70967741935484,61.38709677419355,2010-12-01
USW00012839,2011,1,2.5500000000000003,75.80645161290323,58.41935483870968,67.11290322580645,2011-01-01
USW00012839,2011,2,0.23,79.75,64.28571428571429,72.01785714285714,2011-02-01
USW00012839,2011,3,1.1300000000000001,82.12903225806451,65.7741935483871,73.95161290322581,2011-03-01
USW00012839,2011,4,5.36,87.23333333333333,72.93333333333334,80.08333333333333,2011-04-01
USW00012839,2011,5,2.15,88.61290322580645,74.48387096774194,81.54838709677419,2011-05-01
USW00012839,2011,6,12.22,91.2,77.06666666666666,84.13333333333334,2011-06-01
USW00012839,2011,7,5.71,91.19354838709677,78.2258064516129,84.70967741935483,2011-07-01
USW00012839,2011,8,11.08,91.74193548387096,77.51612903225806,84.62903225806451,2011-08-01
USW00012839,2011,9,4.99,90.46666666666667,77.06666666666666,83.76666666666667,2011-09-01
USW00012839,2011,10,15.52,84.35483870967742,72.70967741935483,78.53225806451613,2011-10-01
USW00012839,2011,11,1.8,81.4,69.1,75.25,2011-11-01
USW00012839,2011,12,1.04,79.54838709677419,66.87096774193549,73.20967741935483,2011-12-01
USW00012839,2012,1,0.21000000000000002,76.38709677419355,60.70967741935484,68.54838709677419,2012-01-01
USW00012839,2012,2,3.38,79.55172413793103,66.13793103448276,72.84482758620689,2012-02-01
USW00012839,2012,3,4.97,81.74193548387096,68.7741935483871,75.25806451612904,2012-03-01
USW00012839,2012,4,7.85,82.83333333333333,68.93333333333334,75.88333333333334,2012-04-01
USW00012839,2012,5,14.67,86.29032258064517,73.35483870967742,79.8225806451613,2012-05-01
USW00012839,2012,6,12.56,88.73333333333333,76.53333333333333,82.63333333333334,2012-06-01
USW00012839,2012,7,8.92,89.93548387096774,76.83870967741936,83.38709677419355,2012-07-01
USW00012839,2012,8,15.92,89.93548387096774,77.74193548387096,83.83870967741936,2012-08-01
USW00012839,2012,9,11.030000000000001,88.7,76.66666666666667,82.68333333333334,2012-09-01
USW00012839,2012,10,6.42,85.48387096774194,73.41935483870968,79.45161290322581,2012-10-01
USW00012839,2012,11,0.5,79.0,63.86666666666667,71.43333333333334,2012-11-01
USW00012839,2012,12,0.51,79.25806451612904,64.51612903225806,71.88709677419355,2012-12-01
USW00012839,2013,1,0.54,79.74193548387096,66.70967741935483,73.2258064516129,2013-01-01
USW00012839,2013,2,1.85,79.17857142857143,64.25,71.71428571428571,2013-02-01
USW00012839,2013,3,0.8099999999999999,76.6774193548387,59.225806451612904,67.95161290322581,2013-03-01
USW00012839,2013,4,5.140000000000001,84.2,71.73333333333333,77.23333333333333,2013-04-01
USW00012839,2013,5,11.030000000000001,85.96774193548387,71.74193548387096,78.25806451612904,2013-05-01
USW00012839,2013,6,6.18,88.93333333333334,77.1,82.16666666666667,2013-06-01
USW00012839,2013,7,12.700000000000001,88.58064516129032,76.25806451612904,82.06451612903226,2013-07-01
USW00012839,2013,8,4.43,89.80645161290323,77.93548387096774,83.45161290322581,2013-08-01
USW00012839,2013,9,10.47,89.26666666666667,76.4,81.96666666666667,2013-09-01
USW00012839,2013,10,6.87,86.83870967741936,74.35483870967742,80.09677419354838,2013-10-01
USW00012839,2013,11,5.7299999999999995,82.9,71.2,76.4,2013-11-01
USW00012839,2013,12,4.67,81.0,69.12903225806451,74.80645161290323,2013-12-01
USW00012839,2014,1,1.9100000000000001,75.6774193548387,60.096774193548384,68.0,2014-01-01
USW00012839,2014,2,1.16,81.5,66.89285714285714,73.71428571428571,2014-02-01
USW00012839,2014,3,2.6100000000000003,81.83870967741936,65.48387096774194,73.3225806451613,2014-03-01
USW00012839,2014,4,1.18,84.5,70.46666666666667,77.03333333333333,2014-04-01
USW00012839,2014,5,3.29,86.83870967741936,74.45161290322581,79.93548387096774,2014-05-01
USW00012839,2014,6,19.62,88.86666666666666,74.1,80.83333333333333,2014-06-01
USW00012839,2014,7,10.29,90.64516129032258,77.09677419354838,82.96774193548387,2014-07-01
USW00012839,2014,8,9.07,91.45161290322581,78.41935483870968,84.16129032258064,2014-08-01
USW00012839,2014,9,7.25,88.7,76.3,81.73333333333333,2014-09-01
USW00012839,2014,10,3.2399999999999998,86.54838709677419,73.06451612903226,79.41935483870968,2014-10-01
USW00012839,2014,11,2.6599999999999997,79.86666666666666,65.33333333333333,72.13333333333334,2014-11-01
USW00012839,2014,12,1.32,78.51612903225806,64.0,70.96774193548387,2014-12-01
USW00012839,2015,1,0.9500000000000001,77.80645161290323,63.903225806451616,70.54838709677419,2015-01-01
USW00012839,2015,2,2.81,76.75,60.0,68.07142857142857,2015-02-01
USW00012839,2015,3,1.32,83.7741935483871,69.70967741935483,76.12903225806451,2015-03-01
USW00012839,2015,4,4.03,86.6,74.13333333333334,79.53333333333333,2015-04-01
USW00012839,2015,5,2.39,87.35483870967742,74.45161290322581,80.38709677419355,2015-05-01
USW00012839,2015,6,3.6,89.56666666666666,77.66666666666667,82.83333333333333,2015-06-01
USW00012839,2015,7,5.91,91.48387096774194,77.70967741935483,84.06451612903226,2015-07-01
USW00012839,2015,8,9.02,91.41935483870968,77.93548387096774,84.09677419354838,2015-08-01
USW00012839,2015,9,9.97,89.86666666666666,76.8,82.43333333333334,2015-09-01
USW00012839,2015,10,4.7,86.51612903225806,74.51612903225806,79.7741935483871,2015-10-01
USW00012839,2015,11,7.55,83.9,72.86666666666666,78.0,2015-11-01
USW00012839,2015,12,9.82,81.83870967741936,72.61290322580645,76.61290322580645,2015-12-01
USW00012839,2016,1,7.57,74.29032258064517,60.41935483870968,67.51612903225806,2016-01-01
USW00012839,2016,2,2.85,75.34482758620689,61.58620689655172,68.10344827586206,2016-02-01
USW00012839,2016,3,0.61,83.41935483870968,69.58064516129032,75.48387096774194,2016-03-01
USW00012839,2016,4,1.09,83.86666666666666,70.23333333333333,76.5,2016-04-01
USW00012839,2016,5,8.27,86.54838709677419,73.48387096774194,79.2258064516129,2016-05-01
USW00012839,2016,6,8.72,90.06666666666666,76.86666666666666,82.56666666666666,2016-06-01
USW00012839,2016,7,4.11,91.16129032258064,78.25806451612904,84.51612903225806,2016-07-01
USW00012839,2016,8,13.77,90.48387096774194,77.12903225806451,83.64516129032258,2016-08-01
USW00012839,2016,9,6.05,90.13333333333334,76.66666666666667,82.56666666666666,2016-09-01
USW00012839,2016,10,9.620000000000001,86.48387096774194,75.0,80.35483870967742,2016-10-01
USW00012839,2016,11,0.94,81.16666666666667,68.03333333333333,74.1,2016-11-01
USW00012839,2016,12,2.33,82.58064516129032,70.7741935483871,76.0,2016-12-01
USW00012839,2017,1,3.4,80.61290322580645,64.64516129032258,72.51612903225806,2017-01-01
USW00012839,2017,2,1.31,81.28571428571429,65.0,72.35714285714286,2017-02-01
USW00012839,2017,3,3.92,80.54838709677419,66.16129032258064,72.64516129032258,2017-03-01
USW00012839,2017,4,2.16,84.1,71.86666666666666,77.43333333333334,2017-04-01
USW00012839,2017,5,2.69,89.54838709677419,74.93548387096774,81.83870967741936,2017-05-01
USW00012839,2017,6,15.97,89.43333333333334,77.93333333333334,82.9,2017-06-01
USW00012839,2017,7,12.450000000000001,91.87096774193549,79.58064516129032,85.25806451612904,2017-07-01
USW00012839,2017,8,8.57,92.12903225806451,79.35483870967742,85.19354838709677,2017-08-01
USW00012839,2017,9,14.969999999999999,90.66666666666667,78.86666666666666,84.5,2017-09-01
USW00012839,2017,10,12.610000000000001,86.51612903225806,75.12903225806451,80.51612903225806,2017-10-01
USW00012839,2017,11,4.41,83.93333333333334,70.63333333333334,76.9,2017-11-01
USW00012839,2017,12,0.66,79.83870967741936,63.58064516129032,71.58064516129032,2017-12-01
USW00012839,2018,1,1.01,75.87096774193549,60.32258064516129,68.03225806451613,2018-01-01
USW00012839,2018,2,0.37,82.60714285714286,70.03571428571429,75.78571428571429,2018-02-01
USW00012839,2018,3,0.19,79.64516129032258,61.96774193548387,70.48387096774194,2018-03-01
USW00012839,2018,4,3.8000000000000003,84.86666666666666,69.33333333333333,76.43333333333334,2018-04-01
USW00012839,2018,5,16.59,83.64516129032258,73.19354838709677,78.09677419354838,2018-05-01
USW00012839,2018,6,7.890000000000001,89.53333333333333,75.66666666666667,81.76666666666667,2018-06-01
USW00012839,2018,7,8.02,90.87096774193549,76.41935483870968,83.06451612903226,2018-07-01
USW00012839,2018,8,9.58,90.0,76.96774193548387,83.06451612903226,2018-08-01
USW00012839,2018,9,7.89,89.16666666666667,77.4,83.0,2018-09-01
USW00012839,2018,10,1.76,87.3225806451613,75.29032258064517,80.90322580645162,2018-10-01
USW00012839,2018,11,2.77,82.13333333333334,69.36666666666666,75.7,2018-11-01
USW00012839,2018,12,1.5799999999999998,78.6774193548387,65.06451612903226,71.58064516129032,2018-12-01
USW00012839,2019,1,2.0,76.0,60.096774193548384,68.03225806451613,2019-01-01
USW00012839,2019,2,1.53,81.46428571428571,68.28571428571429,74.46428571428571,2019-02-01
USW00012839,2019,3,1.91,81.3225806451613,66.16129032258064,73.12903225806451,2019-03-01
USW00012839,2019,4,3.16,84.53333333333333,70.83333333333333,77.36666666666666,2019-04-01
USW00012839,2019,5,4.61,88.38709677419355,75.93548387096774,81.61290322580645,2019-05-01
USW00012839,2019,6,12.43,91.73333333333333,77.8,83.73333333333333,2019-06-01
USW00012839,2019,7,10.54,92.09677419354838,78.03225806451613,84.70967741935483,2019-07-01
USW00012839,2019,8,15.74,91.38709677419355,77.7741935483871,83.54838709677419,2019-08-01
USW00012839,2019,9,3.25,91.1,79.26666666666667,84.26666666666667,2019-09-01
USW00012839,2019,10,3.9299999999999997,88.93548387096774,78.03225806451613,82.64516129032258,2019-10-01
USW00012839,2019,11,1.62,83.23333333333333,68.66666666666667,75.53333333333333,2019-11-01
USW00012839,2019,12,6.430000000000001,80.29032258064517,66.6774193548387,73.54838709677419,2019-12-01
USW00012839,2020,1,2.0300000000000002,78.90322580645162,64.06451612903226,71.45161290322581,2020-01-01
USW00012839,2020,2,2.9,80.17241379310344,65.93103448275862,72.6896551724138,2020-02-01
USW00012839,2020,3,0.09999999999999999,83.90322580645162,70.45161290322581,76.41935483870968,2020-03-01
USW00012839,2020,4,3.8600000000000003,89.13333333333334,74.6,81.06666666666666,2020-04-01
USW00012839,2020,5,18.89,86.06451612903226,72.70967741935483,78.90322580645162,2020-05-01
USW00012839,2020,6,7.11,90.36666666666666,78.43333333333334,83.9,2020-06-01
USW00012839,2020,7,10.26,92.96774193548387,78.87096774193549,85.12903225806451,2020-07-01
USW00012839,2020,8,7.44,91.54838709677419,79.06451612903226,84.93548387096774,2020-08-01
USW00012839,2020,9,10.92,89.6,77.9,83.26666666666667,2020-09-01
USW00012839,2020,10,11.86,87.7741935483871,76.54838709677419,81.64516129032258,2020-10-01
USW00012839,2020,11,9.6,82.66666666666667,72.23333333333333,77.1,2020-11-01
USW00012839,2020,12,1.6,77.16129032258064,61.61290322580645,69.0,2020-12-01
USW00012839,2021,1,0.5,76.61290322580645,60.516129032258064,68.70967741935483,2021-01-01
USW00012839,2021,2,2.9,81.0,67.92857142857143,73.78571428571429,2021-02-01
USW00012839,2021,3,1.8699999999999999,81.6774193548387,67.38709677419355,74.2258064516129,2021-03-01
USW00012839,2021,4,2.81,84.9,69.96666666666667,76.96666666666667,2021-04-01
USW00012839,2021,5,2.68,87.2258064516129,75.25806451612904,80.61290322580645,2021-05-01
USW00012839,2021,6,12.44,88.7,76.63333333333334,82.33333333333333,2021-06-01
USW00012839,2021,7,8.18,90.03225806451613,77.3225806451613,83.3225806451613,2021-07-01
USW00012839,2021,8,7.29,91.03225806451613,78.48387096774194,84.7741935483871,2021-08-01
USW00012839,2021,9,12.120000000000001,90.23333333333333,76.0,81.8,2021-09-01
USW00012839,2021,10,4.91,87.35483870967742,75.09677419354838,80.74193548387096,2021-10-01
USW00012839,2021,11,4.38,79.63333333333334,66.46666666666667,73.0,2021-11-01
USW00012839,2021,12,1.19,81.58064516129032,67.48387096774194,74.29032258064517,2021-12-01
USW00012839,2022,1,5.98,76.35483870967742,60.96774193548387,68.38709677419355,2022-01-01
USW00012839,2022,2,1.6,80.07142857142857,66.89285714285714,73.07142857142857,2022-02-01
USW00012839,2022,3,2.0300000000000002,82.74193548387096,69.64516129032258,75.54838709677419,2022-03-01
USW00012839,2022,4,4.66,84.9,72.33333333333333,78.0,2022-04-01
USW00012839,2022,5,4.47,88.54838709677419,74.58064516129032,80.58064516129032,2022-05-01
USW00012839,2022,6,15.61,89.13333333333334,75.66666666666667,81.53333333333333,2022-06-01
USW00012839,2022,7,4.8100000000000005,90.58064516129032,78.87096774193549,84.61290322580645,2022-07-01
USW00012839,2022,8,5.17,91.7741935483871,79.35483870967742,85.3225806451613,2022-08-01
USW00012839,2022,9,12.15,91.36666666666666,77.23333333333333,83.5,2022-09-01
USW00012839,2022,10,4.85,87.19354838709677,73.87096774193549,79.7741935483871,2022-10-01
USW00012839,2022,11,8.49,85.43333333333334,72.36666666666666,78.3,2022-11-01
USW00012839,2022,12,1.73,79.03225806451613,65.64516129032258,72.09677419354838,2022-12-01
USW00012839,2023,1,0.05,80.35483870967742,63.903225806451616,71.90322580645162,2023-01-01
USW00012839,2023,2,5.720000000000001,82.96428571428571,68.78571428571429,75.28571428571429,2023-02-01
USW00012839,2023,3,4.5,84.51612903225806,69.12903225806451,76.41935483870968,2023-03-01
USW00012839,2023,4,9.95,86.03333333333333,72.66666666666667,78.86666666666666,2023-04-01
USW00012839,2023,5,5.92,88.6774193548387,73.70967741935483,80.58064516129032,2023-05-01
USW00012839,2023,6,7.87,91.3,76.0,83.06666666666666,2023-06-01
USW00012839,2023,7,7.42,93.90322580645162,79.16129032258064,85.83870967741936,2023-07-01
USW00012839,2023,8,10.25,93.19354838709677,80.03225806451613,85.87096774193549,2023-08-01
USW00012839,2023,9,12.760000000000002,91.93333333333334,77.43333333333334,83.8,2023-09-01
USW00012839,2023,10,5.78,88.09677419354838,75.96774193548387,81.45161290322581,2023-10-01
USW00012839,2023,11,9.360000000000001,84.13333333333334,71.53333333333333,77.5,2023-11-01
USW00012839,2023,12,3.85,77.09677419354838,65.38709677419355,71.29032258064517,2023-12-01
USW00012839,2024,1,0.89,77.58064516129032,64.09677419354838,70.61290322580645,2024-01-01
USW00012839,2024,2,3.03,77.0,60.96551724137931,68.6896551724138,2024-02-01
USW00012839,2024,3,4.78,82.38709677419355,69.12903225806451,75.38709677419355,2024-03-01
USW00012839,2024,4,2.7800000000000002,82.96666666666667,69.66666666666667,75.86666666666666,2024-04-01
USW00012839,2024,5,4.21,90.48387096774194,76.90322580645162,83.09677419354838,2024-05-01
USW00012839,2024,6,17.34,89.03333333333333,77.06666666666666,82.56666666666666,2024-06-01
USW00012839,2024,7,5.44,91.6774193548387,79.54838709677419,85.25806451612904,2024-07-01
USW00012839,2024,8,12.83,91.48387096774194,78.45161290322581,84.38709677419355,2024-08-01
USW00012839,2024,9,9.11,91.16666666666667,78.26666666666667,83.93333333333334,2024-09-01
USW00012839,2024,10,7.5,85.45161290322581,75.0,79.7741935483871,2024-10-01
USW00012839,2024,11,0.47000000000000003,82.76666666666667,70.83333333333333,76.63333333333334,2024-11-01
USW00012839,2024,12,1.18,78.90322580645162,64.48387096774194,71.25806451612904,2024-12-01
USW00023183,1996,6,0.0,104.875,79.04166666666667,91.95833333333333,1996-06-01
USW00023183,1996,7,1.04,106.19354838709677,84.2258064516129,95.20967741935483,1996-07-01
USW00023183,1996,8,0.34,104.70967741935483,83.41935483870968,94.06451612903226,1996-08-01
USW00023183,1996,9,0.54,94.46666666666667,73.96666666666667,84.21666666666667,1996-09-01
USW00023183,1996,10,0.37,86.64516129032258,63.064516129032256,74.85483870967742,1996-10-01
USW00023183,1996,11,0.23,76.46666666666667,52.53333333333333,64.5,1996-11-01
USW00023183,1996,12,0.02,68.16129032258064,44.774193548387096,56.46774193548387,1996-12-01
USW00023183,1997,1,0.9,64.90322580645162,46.516129032258064,55.70967741935484,1997-01-01
USW00023183,1997,2,0.55,69.0,46.535714285714285,57.767857142857146,1997-02-01
USW00023183,1997,3,0.01,83.12903225806451,55.74193548387097,69.43548387096774,1997-03-01
USW00023183,1997,4,0.24000000000000002,82.16666666666667,59.6,70.88333333333334,1997-04-01
USW00023183,1997,5,0.0,98.83870967741936,73.6774193548387,86.25806451612904,1997-05-01
USW00023183,1997,6,0.0,100.43333333333334,75.03333333333333,87.73333333333333,1997-06-01
USW00023183,1997,7,0.17,106.0,81.61290322580645,93.80645161290323,1997-07-01
USW00023183,1997,8,1.3900000000000001,103.12903225806451,82.6774193548387,92.90322580645162,1997-08-01
USW00023183,1997,9,0.45,100.4,79.63333333333334,90.01666666666667,1997-09-01
USW00023183,1997,10,0.07,86.54838709677419,62.774193548387096,74.66129032258064,1997-10-01
USW00023183,1997,11,0.06,75.56666666666666,52.56666666666667,64.06666666666666,1997-11-01
USW00023183,1997,12,0.8300000000000001,62.67741935483871,43.096774193548384,52.88709677419355,1997-12-01
USW00023183,1998,1,0.35,66.6774193548387,46.516129032258064,56.596774193548384,1998-01-01
USW00023183,1998,2,2.93,62.464285714285715,45.67857142857143,54.07142857142857,1998-02-01
USW00023183,1998,3,1.31,72.90322580645162,50.903225806451616,61.903225806451616,1998-03-01
USW00023183,1998,4,0.43000000000000005,78.56666666666666,54.766666666666666,66.95,1998-04-01
USW00023183,1998,5,0.04,88.54838709677419,63.935483870967744,76.54838709677419,1998-05-01
USW00023183,1998,6,0.0,98.7,71.96666666666667,85.63333333333334,1998-06-01
USW00023183,1998,7,1.94,105.83870967741936,83.2258064516129,94.80645161290323,1998-07-01
USW00023183,1998,8,1.0499999999999998,105.61290322580645,83.70967741935483,94.93548387096774,1998-08-01
USW00023183,1998,9,0.5800000000000001,99.16666666666667,76.46666666666667,88.03333333333333,1998-09-01
USW00023183,1998,10,1.03,86.06451612903226,62.096774193548384,74.38709677419355,1998-10-01
USW00023183,1998,11,0.19,74.8,50.56666666666667,63.0,1998-11-01
USW00023183,1998,12,0.6799999999999999,65.54838709677419,43.225806451612904,54.67741935483871,1998-12-01
USW00023183,1999,1,0.01,69.38709677419355,44.16129032258065,57.096774193548384,1999-01-01
USW00023183,1999,2,0.17,72.92857142857143,47.714285714285715,60.714285714285715,1999-02-01
USW00023183,1999,3,0.11,77.3225806451613,52.54838709677419,65.09677419354838,1999-03-01
USW00023183,1999,4,1.1300000000000001,77.76666666666667,54.03333333333333,66.13333333333334,1999-04-01
USW00023183,1999,5,0.0,92.29032258064517,67.29032258064517,80.03225806451613,1999-05-01
USW00023183,1999,6,0.0,100.5,77.13333333333334,89.13333333333334,1999-06-01
USW00023183,1999,7,2.96,101.58064516129032,80.90322580645162,91.45161290322581,1999-07-01
USW00023183,1999,8,0.9200000000000002,103.93548387096774,82.06451612903226,93.2258064516129,1999-08-01
USW00023183,1999,9,1.31,98.8,75.9,87.63333333333334,1999-09-01
USW00023183,1999,10,0.0,93.03225806451613,65.51612903225806,79.61290322580645,1999-10-01
USW00023183,1999,11,0.0,81.93333333333334,54.1,68.26666666666667,1999-11-01
USW00023183,1999,12,0.0,67.2258064516129,43.25806451612903,55.45161290322581,1999-12-01
USW00023183,2000,1,0.01,70.09677419354838,45.96774193548387,58.29032258064516,2000-01-01
USW00023183,2000,2,0.0,72.48275862068965,49.206896551724135,61.06896551724138,2000-02-01
USW00023183,2000,3,2.98,73.74193548387096,52.516129032258064,63.38709677419355,2000-03-01
USW00023183,2000,4,0.0,88.3,62.13333333333333,75.43333333333334,2000-04-01
USW00023183,2000,5,0.0,98.12903225806451,71.54838709677419,85.12903225806451,2000-05-01
USW00023183,2000,6,0.33999999999999997,103.03333333333333,78.96666666666667,91.28333333333333,2000-06-01
USW00023183,2000,7,0.28,106.51612903225806,83.54838709677419,95.29032258064517,2000-07-01
USW00023183,2000,8,0.5800000000000001,102.61290322580645,82.25806451612904,92.74193548387096,2000-08-01
USW00023183,2000,9,0.01,101.7,78.76666666666667,90.46666666666667,2000-09-01
USW00023183,2000,10,3.17,82.3225806451613,62.67741935483871,72.74193548387096,2000-10-01
USW00023183,2000,11,0.5,67.4,46.333333333333336,57.06666666666667,2000-11-01
USW00023183,2000,12,0.0,69.48387096774194,45.064516129032256,57.45161290322581,2000-12-01
USW00023183,2001,1,1.77,63.70967741935484,44.41935483870968,54.354838709677416,2001-01-01
USW00023183,2001,2,0.8600000000000001,67.71428571428571,46.0,57.07142857142857,2001-02-01
USW00023183,2001,3,0.77,77.48387096774194,53.70967741935484,65.80645161290323,2001-03-01
USW00023183,2001,4,1.06,83.66666666666667,59.666666666666664,71.83333333333333,2001-04-01
USW00023183,2001,5,0.02,100.38709677419355,73.38709677419355,87.09677419354838,2001-05-01
USW00023183,2001,6,0.01,105.06666666666666,78.9,92.2,2001-06-01
USW00023183,2001,7,0.67,104.93548387096774,83.90322580645162,94.87096774193549,2001-07-01
USW00023183,2001,8,0.46,105.45161290322581,83.87096774193549,94.93548387096774,2001-08-01
USW00023183,2001,9,0.0,104.63333333333334,79.73333333333333,92.43333333333334,2001-09-01
USW00023183,2001,10,0.02,91.35483870967742,67.35483870967742,79.58064516129032,2001-10-01
USW00023183,2001,11,0.2,78.83333333333333,57.9,68.63333333333334,2001-11-01
USW00023183,2001,12,0.88,64.12903225806451,43.38709677419355,54.0,2001-12-01
USW00023183,2002,1,0.05,67.06451612903226,44.806451612903224,56.225806451612904,2002-01-01
USW00023183,2002,2,0.0,74.82142857142857,47.785714285714285,61.57142857142857,2002-02-01
USW00023183,2002,3,0.08,78.12903225806451,52.29032258064516,65.38709677419355,2002-03-01
USW00023183,2002,4,0.06,89.16666666666667,64.06666666666666,74.2,2002-04-01
USW00023183,2002,5,0.0,95.16129032258064,68.19354838709677,81.93548387096774,2002-05-01
USW00023183,2002,6,0.0,107.26666666666667,79.46666666666667,93.8,2002-06-01
USW00023183,2002,7,1.18,107.19354838709677,84.80645161290323,96.3225806451613,2002-07-01
USW00023183,2002,8,0.0,106.19354838709677,83.93548387096774,95.3225806451613,2002-08-01
USW00023183,2002,9,0.5,101.36666666666666,78.2,89.96666666666667,2002-09-01
USW00023183,2002,10,0.37000000000000005,86.2258064516129,64.0,75.45161290322581,2002-10-01
USW00023183,2002,11,0.42000000000000004,78.46666666666667,55.266666666666666,67.01666666666667,2002-11-01
USW00023183,2002,12,0.16,65.0,45.38709677419355,55.54838709677419,2002-12-01
USW00023183,2003,1,0.57,74.61290322580645,49.29032258064516,62.193548387096776,2003-01-01
USW00023183,2003,2,3.15,68.46428571428571,50.285714285714285,59.57142857142857,2003-02-01
USW00023183,2003,3,0.51,76.19354838709677,53.25806451612903,64.93548387096774,2003-03-01
USW00023183,2003,4,0.17,82.36666666666666,58.1,70.46666666666667,2003-04-01
USW00023183,2003,5,0.0,95.93548387096774,70.70967741935483,83.58064516129032,2003-05-01
USW00023183,2003,6,0.0,105.0,78.46666666666667,92.2,2003-06-01
USW00023183,2003,7,0.61,108.6774193548387,86.58064516129032,98.0,2003-07-01
USW00023183,2003,8,0.51,104.51612903225806,84.6774193548387,94.80645161290323,2003-08-01
USW00023183,2003,9,0.25,102.23333333333333,79.23333333333333,90.96666666666667,2003-09-01
USW00023183,2003,10,0.21,94.64516129032258,70.80645161290323,83.03225806451613,2003-10-01
USW00023183,2003,11,0.65,72.13333333333334,51.63333333333333,62.13333333333333,2003-11-01
USW00023183,2003,12,0.19,68.09677419354838,45.483870967741936,57.03225806451613,2003-12-01
USW00023183,2004,1,0.8200000000000001,67.64516129032258,47.41935483870968,57.74193548387097,2004-01-01
USW00023183,2004,2,1.02,66.24137931034483,45.44827586206897,56.06896551724138,2004-02-01
USW00023183,2004,3,1.28,84.96774193548387,59.54838709677419,72.58064516129032,2004-03-01
USW00023183,2004,4,0.9000000000000001,84.43333333333334,60.96666666666667,73.0,2004-04-01
USW00023183,2004,5,0.0,96.51612903225806,70.2258064516129,83.70967741935483,2004-05-01
USW00023183,2004,6,0.0,104.53333333333333,77.83333333333333,91.36666666666666,2004-06-01
USW00023183,2004,7,0.5900000000000001,105.96774193548387,82.96774193548387,94.6774193548387,2004-07-01
USW00023183,2004,8,0.36,103.7741935483871,81.61290322580645,92.96774193548387,2004-08-01
USW00023183,2004,9,0.15000000000000002,99.86666666666666,76.33333333333333,88.3,2004-09-01
USW00023183,2004,10,0.78,86.12903225806451,64.12903225806451,75.45161290322581,2004-10-01
USW00023183,2004,11,0.52,70.5,51.4,61.2,2004-11-01
USW00023183,2004,12,1.56,66.38709677419355,45.58064516129032,56.25806451612903,2004-12-01
USW00023183,2005,1,1.8499999999999999,66.54838709677419,49.0,58.03225806451613,2005-01-01
USW00023183,2005,2,3.0100000000000002,67.03571428571429,51.42857142857143,59.42857142857143,2005-02-01
USW00023183,2005,3,0.36,74.12903225806451,53.67741935483871,64.09677419354838,2005-03-01
USW00023183,2005,4,0.12,85.0,59.46666666666667,72.56666666666666,2005-04-01
USW00023183,2005,5,0.0,95.12903225806451,70.29032258064517,82.54838709677419,2005-05-01
USW00023183,2005,6,0.0,103.13333333333334,77.7,90.66666666666667,2005-06-01
USW00023183,2005,7,0.16,109.48387096774194,84.96774193548387,97.41935483870968,2005-07-01
USW00023183,2005,8,1.21,102.7741935483871,81.64516129032258,92.20967741935483,2005-08-01
USW00023183,2005,9,0.16,101.46666666666667,77.7,89.58333333333333,2005-09-01
USW00023183,2005,10,0.16999999999999998,89.61290322580645,66.87096774193549,78.24193548387096,2005-10-01
USW00023183,2005,11,0.0,78.43333333333334,54.1,66.26666666666667,2005-11-01
USW00023183,2005,12,0.0,68.93548387096774,44.70967741935484,56.82258064516129,2005-12-01
USW00023183,2006,1,0.0,70.41935483870968,45.0,57.70967741935484,2006-01-01
USW00023183,2006,2,0.0,74.78571428571429,48.82142857142857,61.80357142857143,2006-02-01
USW00023183,2006,3,1.5599999999999998,72.61290322580645,52.0,62.306451612903224,2006-03-01
USW00023183,2006,4,0.0,84.86666666666666,60.5,72.68333333333334,2006-04-01
USW00023183,2006,5,0.0,97.93548387096774,71.41935483870968,84.6774193548387,2006-05-01
USW00023183,2006,6,0.0,107.4,81.83333333333333,94.61666666666666,2006-06-01
USW00023183,2006,7,1.29,106.64516129032258,86.41935483870968,96.53225806451613,2006-07-01
USW00023183,2006,8,1.26,102.96774193548387,82.09677419354838,92.53225806451613,2006-08-01
USW00023183,2006,9,0.78,96.56666666666666,74.66666666666667,85.61666666666666,2006-09-01
USW00023183,2006,10,0.22000000000000003,87.38709677419355,64.74193548387096,76.06451612903226,2006-10-01
USW00023183,2006,11,0.0,79.6,54.63333333333333,67.11666666666666,2006-11-01
USW00023183,2006,12,0.34,65.19354838709677,43.41935483870968,54.306451612903224,2006-12-01
USW00023183,2007,1,0.49,63.61290322580645,42.225806451612904,52.91935483870968,2007-01-01
USW00023183,2007,2,0.39999999999999997,71.32142857142857,48.42857142857143,59.875,2007-02-01
USW00023183,2007,3,0.8300000000000001,81.61290322580645,55.806451612903224,68.70967741935483,2007-03-01
USW00023183,2007,4,0.21000000000000002,86.16666666666667,61.166666666666664,73.66666666666667,2007-04-01
USW00023183,2007,5,0.0,97.03225806451613,72.19354838709677,84.61290322580645,2007-05-01
USW00023183,2007,6,0.0,105.8,79.66666666666667,92.73333333333333,2007-06-01
USW00023183,2007,7,0.36,106.83870967741936,84.80645161290323,95.8225806451613,2007-07-01
USW00023183,2007,8,0.31,106.25806451612904,86.12903225806451,96.19354838709677,2007-08-01
USW00023183,2007,9,0.07,101.16666666666667,79.53333333333333,90.35,2007-09-01
USW00023183,2007,10,0.04,90.41935483870968,66.0,78.20967741935483,2007-10-01
USW00023183,2007,11,1.25,81.76666666666667,58.3,70.03333333333333,2007-11-01
USW00023183,2007,12,1.09,62.87096774193548,43.516129032258064,53.193548387096776,2007-12-01
USW00023183,2008,1,1.58,64.3225806451613,45.03225806451613,54.67741935483871,2008-01-01
USW00023183,2008,2,0.39,68.55172413793103,47.86206896551724,58.206896551724135,2008-02-01
USW00023183,2008,3,0.0,79.48387096774194,53.806451612903224,66.64516129032258,2008-03-01
USW00023183,2008,4,0.0,87.13333333333334,60.86666666666667,74.0,2008-04-01
USW00023183,2008,5,0.45,90.70967741935483,66.3225806451613,78.51612903225806,2008-05-01
USW00023183,2008,6,0.0,106.73333333333333,79.56666666666666,93.15,2008-06-01
USW00023183,2008,7,2.15,105.74193548387096,84.03225806451613,94.88709677419355,2008-07-01
USW00023183,2008,8,3.55,103.90322580645162,81.96774193548387,92.93548387096774,2008-08-01
USW00023183,2008,9,0.0,100.86666666666666,78.83333333333333,89.85,2008-09-01
USW00023183,2008,10,0.0,90.74193548387096,64.96774193548387,77.85483870967742,2008-10-01
USW00023183,2008,11,0.49,78.8,55.46666666666667,67.13333333333334,2008-11-01
USW00023183,2008,12,0.97,65.45161290322581,46.16129032258065,55.806451612903224,2008-12-01
USW00023183,2009,1,0.15000000000000002,70.48387096774194,46.903225806451616,58.693548387096776,2009-01-01
USW00023183,2009,2,1.32,72.42857142857143,48.964285714285715,60.69642857142857,2009-02-01
USW00023183,2009,3,0.0,79.61290322580645,55.29032258064516,67.45161290322581,2009-03-01
USW00023183,2009,4,0.19,84.16666666666667,58.63333333333333,71.4,2009-04-01
USW00023183,2009,5,0.25,98.45161290322581,73.83870967741936,86.14516129032258,2009-05-01
USW00023183,2009,6,0.02,100.0,77.4,88.7,2009-06-01
USW00023183,2009,7,0.39999999999999997,109.45161290322581,87.09677419354838,98.2741935483871,2009-07-01
USW00023183,2009,8,0.29000000000000004,107.16129032258064,83.2258064516129,95.19354838709677,2009-08-01
USW00023183,2009,9,0.16,101.73333333333333,78.26666666666667,90.0,2009-09-01
USW00023183,2009,10,0.0,86.35483870967742,62.483870967741936,74.41935483870968,2009-10-01
USW00023183,2009,11,0.01,80.16666666666667,54.7,67.43333333333334,2009-11-01
USW00023183,2009,12,0.47,63.935483870967744,43.38709677419355,53.66129032258065,2009-12-01
USW00023183,2010,1,2.43,67.70967741935483,47.12903225806452,57.41935483870968,2010-01-01
USW00023183,2010,2,1.3599999999999999,68.64285714285714,49.607142857142854,59.125,2010-02-01
USW00023183,2010,3,1.0899999999999999,73.58064516129032,51.903225806451616,62.74193548387097,2010-03-01
USW00023183,2010,4,0.04,82.53333333333333,58.666666666666664,70.6,2010-04-01
USW00023183,2010,5,0.0,91.3225806451613,65.16129032258064,78.24193548387096,2010-05-01
USW00023183,2010,6,0.0,104.6,77.86666666666666,91.23333333333333,2010-06-01
USW00023183,2010,7,1.9700000000000002,106.58064516129032,86.87096774193549,96.7258064516129,2010-07-01
USW00023183,2010,8,0.38,104.64516129032258,83.38709677419355,94.01612903225806,2010-08-01
USW00023183,2010,9,0.13,104.1,78.9,91.5,2010-09-01
USW00023183,2010,10,0.6599999999999999,88.74193548387096,66.6774193548387,77.70967741935483,2010-10-01
USW00023183,2010,11,0.01,74.7,51.333333333333336,63.016666666666666,2010-11-01
USW00023183,2010,12,1.07,70.41935483870968,48.74193548387097,59.58064516129032,2010-12-01
USW00023183,2011,1,0.04,67.7741935483871,43.54838709677419,55.66129032258065,2011-01-01
USW00023183,2011,2,0.66,67.42857142857143,43.035714285714285,55.232142857142854,2011-02-01
USW00023183,2011,3,0.06,80.7741935483871,54.87096774193548,67.8225806451613,2011-03-01
USW00023183,2011,4,0.27,86.26666666666667,62.233333333333334,74.25,2011-04-01
USW00023183,2011,5,0.01,91.45161290322581,66.06451612903226,78.75806451612904,2011-05-01
USW00023183,2011,6,0.0,104.26666666666667,77.26666666666667,90.76666666666667,2011-06-01
USW00023183,2011,7,1.4100000000000001,106.93548387096774,83.48387096774194,95.20967741935483,2011-07-01
USW00023183,2011,8,0.17,108.96774193548387,87.54838709677419,98.25806451612904,2011-08-01
USW00023183,2011,9,0.02,103.26666666666667,79.46666666666667,91.36666666666666,2011-09-01
USW00023183,2011,10,0.11,91.3225806451613,66.29032258064517,78.80645161290323,2011-10-01
USW00023183,2011,11,0.8099999999999999,74.1,52.833333333333336,63.46666666666667,2011-11-01
USW00023183,2011,12,1.1,63.0,43.38709677419355,53.193548387096776,2011-12-01
USW00023183,2012,1,0.0,70.90322580645162,46.483870967741936,58.693548387096776,2012-01-01
USW00023183,2012,2,0.0,72.48275862068965,48.13793103448276,60.310344827586206,2012-02-01
USW00023183,2012,3,0.25,79.2258064516129,52.516129032258064,65.87096774193549,2012-03-01
USW00023183,2012,4,0.08,87.6,62.6,75.1,2012-04-01
USW00023183,2012,5,0.03,98.16129032258064,70.87096774193549,84.51612903225806,2012-05-01
USW00023183,2012,6,0.0,106.5,81.0,93.75,2012-06-01
USW00023183,2012,7,0.96,104.61290322580645,83.16129032258064,93.88709677419355,2012-07-01
USW00023183,2012,8,1.4500000000000002,105.7741935483871,84.87096774193549,95.3225806451613,2012-08-01
USW00023183,2012,9,0.59,99.2,78.1,88.65,2012-09-01
USW00023183,2012,10,0.0,91.3225806451613,66.35483870967742,78.83870967741936,2012-10-01
USW00023183,2012,11,0.05,81.23333333333333,55.6,68.41666666666667,2012-11-01
USW00023183,2012,12,0.87,66.83870967741936,46.645161290322584,56.74193548387097,2012-12-01
USW00023183,2013,1,1.39,64.90322580645162,42.29032258064516,53.596774193548384,2013-01-01
USW00023183,2013,2,0.31000000000000005,68.28571428571429,45.964285714285715,57.125,2013-02-01
USW00023183,2013,3,0.85,82.93548387096774,56.096774193548384,69.51612903225806,2013-03-01
USW00023183,2013,4,0.06,88.4,62.266666666666666,76.0,2013-04-01
USW00023183,2013,5,0.0,96.0,71.87096774193549,84.6774193548387,2013-05-01
USW00023183,2013,6,0.0,108.4,81.2,95.83333333333333,2013-06-01
USW00023183,2013,7,1.77,105.6774193548387,85.70967741935483,95.35483870967742,2013-07-01
USW00023183,2013,8,0.36000000000000004,105.25806451612904,84.12903225806451,94.25806451612904,2013-08-01
USW00023183,2013,9,0.86,99.5,77.9,88.9,2013-09-01
USW00023183,2013,10,0.0,87.12903225806451,61.935483870967744,74.80645161290323,2013-10-01
USW00023183,2013,11,2.43,77.4,55.93333333333333,66.36666666666666,2013-11-01
USW00023183,2013,12,0.39,67.61290322580645,44.96774193548387,55.83870967741935,2013-12-01
USW00023183,2014,1,0.0,73.06451612903226,46.74193548387097,59.38709677419355,2014-01-01
USW00023183,2014,2,0.0,76.82142857142857,52.035714285714285,64.14285714285714,2014-02-01
USW00023183,2014,3,0.99,81.25806451612904,56.74193548387097,69.35483870967742,2014-03-01
USW00023183,2014,4,0.0,87.36666666666666,62.3,75.66666666666667,2014-04-01
USW00023183,2014,5,0.0,95.51612903225806,70.7741935483871,83.83870967741936,2014-05-01
USW00023183,2014,6,0.0,106.23333333333333,80.13333333333334,94.4,2014-06-01
USW00023183,2014,7,0.06,107.06451612903226,85.90322580645162,96.29032258064517,2014-07-01
USW00023183,2014,8,1.17,102.29032258064517,80.83870967741936,91.54838709677419,2014-08-01
USW00023183,2014,9,5.109999999999999,99.2,78.8,89.0,2014-09-01
USW00023183,2014,10,0.13,91.7741935483871,68.19354838709677,79.48387096774194,2014-10-01
USW00023183,2014,11,0.0,78.3,53.86666666666667,65.96666666666667,2014-11-01
USW00023183,2014,12,0.91,67.19354838709677,48.25806451612903,57.54838709677419,2014-12-01
USW00023183,2015,1,0.81,69.2258064516129,47.96774193548387,57.935483870967744,2015-01-01
USW00023183,2015,2,0.01,77.5,53.75,65.21428571428571,2015-02-01
USW00023183,2015,3,0.33,84.74193548387096,59.645161290322584,72.09677419354838,2015-03-01
USW00023183,2015,4,0.18000000000000002,86.8,61.733333333333334,74.76666666666667,2015-04-01
USW00023183,2015,5,1.17,90.12903225806451,67.35483870967742,79.03225806451613,2015-05-01
USW00023183,2015,6,0.25,105.93333333333334,82.1,94.46666666666667,2015-06-01
USW00023183,2015,7,1.13,105.12903225806451,84.19354838709677,94.74193548387096,2015-07-01
USW00023183,2015,8,1.29,107.6774193548387,85.61290322580645,96.29032258064517,2015-08-01
USW00023183,2015,9,0.81,100.33333333333333,79.4,89.53333333333333,2015-09-01
USW00023183,2015,10,0.7100000000000001,90.0,68.80645161290323,79.11290322580645,2015-10-01
USW00023183,2015,11,0.25,73.36666666666666,50.833333333333336,61.96666666666667,2015-11-01
USW00023183,2015,12,0.21,65.38709677419355,42.96774193548387,53.483870967741936,2015-12-01
USW00023183,2016,1,1.31,66.38709677419355,44.935483870967744,55.25806451612903,2016-01-01
USW00023183,2016,2,0.0,79.89655172413794,51.55172413793103,65.72413793103448,2016-02-01
USW00023183,2016,3,0.0,82.35483870967742,56.61290322580645,69.7741935483871,2016-03-01
USW00023183,2016,4,0.51,85.36666666666666,61.6,74.06666666666666,2016-04-01
USW00023183,2016,5,0.05,91.96774193548387,67.83870967741936,80.16129032258064,2016-05-01
USW00023183,2016,6,0.01,107.43333333333334,82.13333333333334,95.4,2016-06-01
USW00023183,2016,7,0.89,108.25806451612904,86.0,97.54838709677419,2016-07-01
USW00023183,2016,8,1.27,102.87096774193549,80.87096774193549,92.2258064516129,2016-08-01
USW00023183,2016,9,0.32,97.5,75.66666666666667,87.06666666666666,2016-09-01
USW00023183,2016,10,0.2,93.35483870967742,68.58064516129032,80.93548387096774,2016-10-01
USW00023183,2016,11,0.6799999999999999,77.93333333333334,56.53333333333333,67.23333333333333,2016-11-01
USW00023183,2016,12,0.95,68.35483870967742,47.41935483870968,57.225806451612904,2016-12-01
USW00023183,2017,1,1.1,64.06451612903226,46.096774193548384,54.83870967741935,2017-01-01
USW00023183,2017,2,1.24,72.21428571428571,51.607142857142854,61.67857142857143,2017-02-01
USW00023183,2017,3,0.06,83.90322580645162,57.41935483870968,70.7741935483871,2017-03-01
USW00023183,2017,4,0.0,88.63333333333334,61.9,75.76666666666667,2017-04-01
USW00023183,2017,5,0.01,94.54838709677419,69.09677419354838,82.29032258064517,2017-05-01
USW00023183,2017,6,0.0,107.93333333333334,81.36666666666666,95.2,2017-06-01
USW00023183,2017,7,0.89,106.16129032258064,83.83870967741936,94.83870967741936,2017-07-01
USW00023183,2017,8,1.4300000000000002,105.41935483870968,82.58064516129032,94.45161290322581,2017-08-01
USW00023183,2017,9,0.0,99.3,76.4,87.9,2017-09-01
USW00023183,2017,10,0.0,93.83870967741936,67.12903225806451,80.54838709677419,2017-10-01
USW00023183,2017,11,0.0,82.86666666666666,59.5,70.63333333333334,2017-11-01
USW00023183,2017,12,0.23,70.96774193548387,47.25806451612903,58.61290322580645,2017-12-01
USW00023183,2018,1,0.21000000000000002,73.90322580645162,48.45161290322581,60.67741935483871,2018-01-01
USW00023183,2018,2,0.52,71.07142857142857,48.42857142857143,59.714285714285715,2018-02-01
USW00023183,2018,3,0.04,78.80645161290323,54.87096774193548,66.6774193548387,2018-03-01
USW00023183,2018,4,0.0,90.6,64.26666666666667,78.06666666666666,2018-04-01
USW00023183,2018,5,0.0,96.54838709677419,70.48387096774194,84.09677419354838,2018-05-01
USW00023183,2018,6,0.0,105.4,79.3,93.16666666666667,2018-06-01
USW00023183,2018,7,0.7000000000000001,107.54838709677419,85.51612903225806,96.09677419354838,2018-07-01
USW00023183,2018,8,1.5,104.96774193548387,83.09677419354838,94.16129032258064,2018-08-01
USW00023183,2018,9,0.43000000000000005,103.5,80.2,92.23333333333333,2018-09-01
USW00023183,2018,10,5.35,83.03225806451613,64.48387096774194,73.70967741935483,2018-10-01
USW00023183,2018,11,0.35,75.43333333333334,52.166666666666664,63.4,2018-11-01
USW00023183,2018,12,0.19,66.48387096774194,45.0,55.41935483870968,2018-12-01
USW00023183,2019,1,0.74,67.0,45.0,55.225806451612904,2019-01-01
USW00023183,2019,2,1.79,63.607142857142854,44.642857142857146,53.75,2019-02-01
USW00023183,2019,3,0.3,76.83870967741936,54.38709677419355,65.6774193548387,2019-03-01
USW00023183,2019,4,0.09,87.86666666666666,62.666666666666664,75.7,2019-04-01
USW00023183,2019,5,0.1,87.83870967741936,64.64516129032258,76.48387096774194,2019-05-01
USW00023183,2019,6,0.0,104.03333333333333,78.1,91.66666666666667,2019-06-01
USW00023183,2019,7,0.17,108.2258064516129,85.12903225806451,97.25806451612904,2019-07-01
USW00023183,2019,8,0.24000000000000002,108.19354838709677,85.38709677419355,96.7741935483871,2019-08-01
USW00023183,2019,9,0.25,99.53333333333333,78.7,88.8,2019-09-01
USW00023183,2019,10,0.0,88.70967741935483,62.806451612903224,76.06451612903226,2019-10-01
USW00023183,2019,11,1.5499999999999998,77.76666666666667,55.1,66.0,2019-11-01
USW00023183,2019,12,0.7,65.25806451612904,46.87096774193548,55.58064516129032,2019-12-01
USW00023183,2020,1,0.19,68.61290322580645,45.064516129032256,56.12903225806452,2020-01-01
USW00023183,2020,2,1.34,70.89655172413794,47.0,58.758620689655174,2020-02-01
USW00023183,2020,3,1.9400000000000002,74.51612903225806,54.25806451612903,64.25806451612904,2020-03-01
USW00023183,2020,4,0.08,87.36666666666666,61.06666666666667,74.4,2020-04-01
USW00023183,2020,5,0.0,99.6774193548387,72.6774193548387,87.19354838709677,2020-05-01
USW00023183,2020,6,0.0,104.96666666666667,79.1,92.83333333333333,2020-06-01
USW00023183,2020,7,0.1,109.83870967741936,88.03225806451613,99.09677419354838,2020-07-01
USW00023183,2020,8,0.9,110.74193548387096,87.38709677419355,99.45161290322581,2020-08-01
USW00023183,2020,9,0.0,104.06666666666666,78.96666666666667,91.73333333333333,2020-09-01
USW00023183,2020,10,0.0,94.96774193548387,66.7741935483871,80.54838709677419,2020-10-01
USW00023183,2020,11,0.0,80.5,55.0,67.53333333333333,2020-11-01
USW00023183,2020,12,0.45,67.87096774193549,43.67741935483871,55.516129032258064,2020-12-01
USW00023183,2021,1,0.6799999999999999,67.87096774193549,44.67741935483871,55.74193548387097,2021-01-01
USW00023183,2021,2,0.0,73.03571428571429,48.892857142857146,60.82142857142857,2021-02-01
USW00023183,2021,3,0.37,76.58064516129032,51.67741935483871,63.96774193548387,2021-03-01
USW00023183,2021,4,0.01,90.0,63.333333333333336,77.3,2021-04-01
USW00023183,2021,5,0.0,96.2258064516129,70.03225806451613,84.0,2021-05-01
USW00023183,2021,6,0.17,108.2,82.46666666666667,96.06666666666666,2021-06-01
USW00023183,2021,7,1.7300000000000002,103.64516129032258,83.70967741935483,93.3225806451613,2021-07-01
USW00023183,2021,8,1.54,103.2258064516129,81.90322580645162,92.87096774193549,2021-08-01
USW00023183,2021,9,0.76,100.06666666666666,78.36666666666666,88.96666666666667,2021-09-01
USW00023183,2021,10,0.32,86.80645161290323,62.74193548387097,74.87096774193549,2021-10-01
USW00023183,2021,11,0.0,83.26666666666667,57.0,69.93333333333334,2021-11-01
USW00023183,2021,12,1.53,69.19354838709677,49.193548387096776,58.645161290322584,2021-12-01
USW00023183,2022,1,0.12000000000000001,69.54838709677419,45.935483870967744,57.29032258064516,2022-01-01
USW00023183,2022,2,0.28,71.71428571428571,46.57142857142857,59.035714285714285,2022-02-01
USW00023183,2022,3,0.15,79.93548387096774,53.903225806451616,67.03225806451613,2022-03-01
USW00023183,2022,4,0.0,90.06666666666666,62.333333333333336,76.93333333333334,2022-04-01
USW00023183,2022,5,0.0,97.61290322580645,70.64516129032258,84.93548387096774,2022-05-01
USW00023183,2022,6,0.32,106.5,81.93333333333334,94.56666666666666,2022-06-01
USW00023183,2022,7,0.21000000000000002,107.48387096774194,86.0,96.83870967741936,2022-07-01
USW00023183,2022,8,0.9099999999999999,103.48387096774194,83.19354838709677,92.7741935483871,2022-08-01
USW00023183,2022,9,0.7899999999999999,101.7,80.5,90.9,2022-09-01
USW00023183,2022,10,0.95,87.96774193548387,66.83870967741936,77.19354838709677,2022-10-01
USW00023183,2022,11,0.04,72.26666666666667,48.13333333333333,60.0,2022-11-01
USW00023183,2022,12,2.01,65.03225806451613,45.96774193548387,54.806451612903224,2022-12-01
USW00023183,2023,1,1.03,63.38709677419355,44.38709677419355,53.45161290322581,2023-01-01
USW00023183,2023,2,0.38,68.14285714285714,46.107142857142854,56.75,2023-02-01
USW00023183,2023,3,1.47,72.19354838709677,51.483870967741936,61.67741935483871,2023-03-01
USW00023183,2023,4,0.0,88.03333333333333,60.46666666666667,74.43333333333334,2023-04-01
USW00023183,2023,5,0.0,95.96774193548387,70.58064516129032,83.58064516129032,2023-05-01
USW00023183,2023,6,0.0,103.3,75.6,89.76666666666667,2023-06-01
USW00023183,2023,7,0.0,114.6774193548387,90.80645161290323,103.06451612903226,2023-07-01
USW00023183,2023,8,0.12,109.51612903225806,88.0,98.64516129032258,2023-08-01
USW00023183,2023,9,0.030000000000000002,103.4,78.9,90.96666666666667,2023-09-01
USW00023183,2023,10,0.0,94.19354838709677,69.6774193548387,81.87096774193549,2023-10-01
USW00023183,2023,11,0.29000000000000004,80.6,58.1,69.06666666666666,2023-11-01
USW00023183,2023,12,0.89,71.64516129032258,49.29032258064516,59.58064516129032,2023-12-01
USW00023183,2024,1,0.73,66.12903225806451,45.774193548387096,55.32258064516129,2024-01-01
USW00023183,2024,2,1.32,72.13793103448276,50.6551724137931,60.793103448275865,2024-02-01
USW00023183,2024,3,1.3399999999999999,76.38709677419355,53.83870967741935,64.64516129032258,2024-03-01
USW00023183,2024,4,0.4,86.76666666666667,61.266666666666666,74.1,2024-04-01
USW00023183,2024,5,0.01,96.74193548387096,70.90322580645162,84.48387096774194,2024-05-01
USW00023183,2024,6,0.01,109.43333333333334,84.6,97.16666666666667,2024-06-01
USW00023183,2024,7,0.38000000000000006,112.3225806451613,89.83870967741936,101.19354838709677,2024-07-01
USW00023183,2024,8,0.35,109.35483870967742,88.09677419354838,98.09677419354838,2024-08-01
USW00023183,2024,9,0.0,106.63333333333334,82.46666666666667,94.36666666666666,2024-09-01
USW00023183,2024,10,0.0,97.87096774193549,71.09677419354838,84.5,2024-10-01
USW00023183,2024,11,0.0,76.33333333333333,51.86666666666667,63.53333333333333,2024-11-01
USW00023183,2024,12,0.0,75.12903225806451,49.38709677419355,61.67741935483871,2024-12-01
USW00024233,1996,6,0.5900000000000001,69.125,50.375,59.75,1996-06-01
USW00024233,1996,7,0.77,78.51612903225806,57.16129032258065,67.83870967741936,1996-07-01
USW00024233,1996,8,1.32,76.96774193548387,55.87096774193548,66.41935483870968,1996-08-01
USW00024233,1996,9,1.85,67.33333333333333,51.06666666666667,59.2,1996-09-01
USW00024233,1996,10,5.54,57.516129032258064,44.74193548387097,51.12903225806452,1996-10-01
USW00024233,1996,11,5.23,48.13333333333333,38.13333333333333,43.13333333333333,1996-11-01
USW00024233,1996,12,10.18,44.16129032258065,34.32258064516129,39.24193548387097,1996-12-01
USW00024233,1997,1,7.02,45.67741935483871,36.45161290322581,41.064516129032256,1997-01-01
USW00024233,1997,2,1.99,48.392857142857146,35.392857142857146,41.892857142857146,1997-02-01
USW00024233,1997,3,8.15,51.064516129032256,38.41935483870968,44.74193548387097,1997-03-01
USW00024233,1997,4,4.319999999999999,56.9,41.4,49.15,1997-04-01
USW00024233,1997,5,1.87,67.03225806451613,49.29032258064516,58.16129032258065,1997-05-01
USW00024233,1997,6,1.6400000000000001,66.96666666666667,51.86666666666667,59.416666666666664,1997-06-01
USW00024233,1997,7,1.2000000000000002,73.6774193548387,55.193548387096776,64.43548387096774,1997-07-01
USW00024233,1997,8,1.27,78.12903225806451,57.32258064516129,67.7258064516129,1997-08-01
USW00024233,1997,9,3.41,70.83333333333333,53.46666666666667,62.15,1997-09-01
USW00024233,1997,10,5.83,56.70967741935484,45.87096774193548,51.29032258064516,1997-10-01
USW00024233,1997,11,3.9299999999999997,55.3,41.53333333333333,48.416666666666664,1997-11-01
USW00024233,1997,12,2.63,47.354838709677416,35.61290322580645,41.483870967741936,1997-12-01
USW00024233,1998,1,7.15,46.935483870967744,37.38709677419355,42.16129032258065,1998-01-01
USW00024233,1998,2,3.31,51.17857142857143,40.25,45.714285714285715,1998-02-01
USW00024233,1998,3,3.96,53.193548387096776,39.96774193548387,46.58064516129032,1998-03-01
USW00024233,1998,4,0.99,58.53333333333333,42.2,50.63333333333333,1998-04-01
USW00024233,1998,5,1.98,61.25806451612903,48.38709677419355,55.12903225806452,1998-05-01
USW00024233,1998,6,1.1099999999999999,68.03333333333333,51.7,60.13333333333333,1998-06-01
USW00024233,1998,7,0.41000000000000003,77.35483870967742,57.806451612903224,67.80645161290323,1998-07-01
USW00024233,1998,8,0.35000000000000003,77.3225806451613,56.193548387096776,67.03225806451613,1998-08-01
USW00024233,1998,9,0.72,73.13333333333334,53.13333333333333,63.333333333333336,1998-09-01
USW00024233,1998,10,3.48,59.41935483870968,45.806451612903224,52.87096774193548,1998-10-01
USW00024233,1998,11,11.62,50.86666666666667,42.46666666666667,46.9,1998-11-01
USW00024233,1998,12,8.98,44.193548387096776,35.61290322580645,40.12903225806452,1998-12-01
USW00024233,1999,1,6.84,46.03225806451613,37.87096774193548,42.193548387096776,1999-01-01
USW00024233,1999,2,6.95,47.5,37.5,42.75,1999-02-01
USW00024233,1999,3,3.66,50.58064516129032,37.96774193548387,44.54838709677419,1999-03-01
USW00024233,1999,4,1.49,57.3,39.7,48.766666666666666,1999-04-01
USW00024233,1999,5,2.12,59.61290322580645,44.03225806451613,52.096774193548384,1999-05-01
USW00024233,1999,6,1.86,65.7,50.56666666666667,58.333333333333336,1999-06-01
USW00024233,1999,7,1.18,71.74193548387096,53.096774193548384,62.67741935483871,1999-07-01
USW00024233,1999,8,0.92,73.41935483870968,56.096774193548384,65.03225806451613,1999-08-01
USW00024233,1999,9,0.17,70.9,50.666666666666664,61.03333333333333,1999-09-01
USW00024233,1999,10,2.26,59.38709677419355,44.87096774193548,52.32258064516129,1999-10-01
USW00024233,1999,11,9.6,53.2,42.6,48.2,1999-11-01
USW00024233,1999,12,5.06,46.064516129032256,37.83870967741935,42.225806451612904,1999-12-01
USW00024233,2000,1,3.77,45.225806451612904,35.29032258064516,39.96774193548387,2000-01-01
USW00024233,2000,2,5.25,49.89655172413793,37.48275862068966,43.93103448275862,2000-02-01
USW00024233,2000,3,2.82,50.935483870967744,37.96774193548387,44.74193548387097,2000-03-01
USW00024233,2000,4,1.48,58.8,42.96666666666667,51.166666666666664,2000-04-01
USW00024233,2000,5,3.27,60.645161290322584,47.0,54.03225806451613,2000-05-01
USW00024233,2000,6,1.61,69.3,51.833333333333336,60.8,2000-06-01
USW00024233,2000,7,0.22999999999999998,73.54838709677419,55.0,64.48387096774194,2000-07-01
USW00024233,2000,8,0.33,72.93548387096774,53.96774193548387,63.774193548387096,2000-08-01
USW00024233,2000,9,1.12,68.56666666666666,51.766666666666666,60.4,2000-09-01
USW00024233,2000,10,3.0,59.58064516129032,46.0,52.96774193548387,2000-10-01
USW00024233,2000,11,3.27,48.46666666666667,36.43333333333333,42.93333333333333,2000-11-01
USW00024233,2000,12,2.5100000000000002,45.96774193548387,35.45161290322581,40.96774193548387,2000-12-01
USW00024233,2001,1,2.7,47.61290322580645,36.354838709677416,42.354838709677416,2001-01-01
USW00024233,2001,2,2.0700000000000003,47.67857142857143,33.642857142857146,40.892857142857146,2001-02-01
USW00024233,2001,3,2.73,52.096774193548384,38.67741935483871,45.66129032258065,2001-03-01
USW00024233,2001,4,3.16,55.03333333333333,40.86666666666667,49.233333333333334,2001-04-01
USW00024233,2001,5,1.3900000000000001,64.90322580645162,45.806451612903224,55.516129032258064,2001-05-01
USW00024233,2001,6,3.05,65.26666666666667,49.86666666666667,57.833333333333336,2001-06-01
USW00024233,2001,7,1.03,71.6774193548387,53.16129032258065,62.96774193548387,2001-07-01
USW00024233,2001,8,2.32,73.7741935483871,55.774193548387096,65.0,2001-08-01
USW00024233,2001,9,0.83,67.7,51.8,60.0,2001-09-01
USW00024233,2001,10,3.13,56.83870967741935,44.935483870967744,51.12903225806452,2001-10-01
USW00024233,2001,11,9.26,51.53333333333333,41.8,46.766666666666666,2001-11-01
USW00024233,2001,12,5.89,46.70967741935484,36.25806451612903,41.67741935483871,2001-12-01
USW00024233,2002,1,5.98,44.70967741935484,36.74193548387097,40.935483870967744,2002-01-01
USW00024233,2002,2,4.17,48.214285714285715,35.464285714285715,42.142857142857146,2002-02-01
USW00024233,2002,3,2.82,47.516129032258064,36.193548387096776,42.12903225806452,2002-03-01
USW00024233,2002,4,4.29,55.666666666666664,41.833333333333336,48.96666666666667,2002-04-01
USW00024233,2002,5,1.1099999999999999,60.774193548387096,45.25806451612903,53.29032258064516,2002-05-01
USW00024233,2002,6,1.73,70.2,51.96666666666667,61.333333333333336,2002-06-01
USW00024233,2002,7,0.6399999999999999,74.19354838709677,55.70967741935484,65.25806451612904,2002-07-01
USW00024233,2002,8,0.04,75.6774193548387,54.70967741935484,65.41935483870968,2002-08-01
USW00024233,2002,9,0.42,70.06666666666666,51.1,60.766666666666666,2002-09-01
USW00024233,2002,10,0.6699999999999999,57.935483870967744,44.83870967741935,51.70967741935484,2002-10-01
USW00024233,2002,11,3.51,53.36666666666667,40.7,47.233333333333334,2002-11-01
USW00024233,2002,12,5.98,47.806451612903224,38.16129032258065,43.225806451612904,2002-12-01
USW00024233,2003,1,8.39,51.096774193548384,40.354838709677416,45.96774193548387,2003-01-01
USW00024233,2003,2,1.76,47.464285714285715,35.75,41.857142857142854,2003-02-01
USW00024233,2003,3,6.34,52.41935483870968,41.16129032258065,47.064516129032256,2003-03-01
USW00024233,2003,4,2.7399999999999998,55.3,42.46666666666667,49.06666666666667,2003-04-01
USW00024233,2003,5,1.16,62.87096774193548,46.67741935483871,55.096774193548384,2003-05-01
USW00024233,2003,6,0.51,72.4,53.2,62.96666666666667,2003-06-01
USW00024233,2003,7,0.060000000000000005,78.96774193548387,56.67741935483871,68.06451612903226,2003-07-01
USW00024233,2003,8,0.32,76.70967741935483,56.064516129032256,66.6774193548387,2003-08-01
USW00024233,2003,9,0.89,71.7,53.46666666666667,62.8,2003-09-01
USW00024233,2003,10,8.959999999999999,60.193548387096776,48.25806451612903,54.483870967741936,2003-10-01
USW00024233,2003,11,6.77,48.53333333333333,37.1,43.13333333333333,2003-11-01
USW00024233,2003,12,3.88,46.58064516129032,36.87096774193548,40.54838709677419,2003-12-01
USW00024233,2004,1,6.36,44.83870967741935,35.67741935483871,40.38709677419355,2004-01-01
USW00024233,2004,2,2.44,50.93103448275862,38.0,44.689655172413794,2004-02-01
USW00024233,2004,3,2.14,54.645161290322584,40.54838709677419,47.903225806451616,2004-03-01
USW00024233,2004,4,0.65,62.93333333333333,43.63333333333333,53.53333333333333,2004-04-01
USW00024233,2004,5,2.51,64.80645161290323,49.096774193548384,57.16129032258065,2004-05-01
USW00024233,2004,6,0.71,72.9,53.766666666666666,63.53333333333333,2004-06-01
USW00024233,2004,7,0.16,78.25806451612904,58.0,68.19354838709677,2004-07-01
USW00024233,2004,8,3.0,76.03225806451613,58.12903225806452,67.3225806451613,2004-08-01
USW00024233,2004,9,2.8000000000000003,65.33333333333333,52.333333333333336,59.1,2004-09-01
USW00024233,2004,10,2.8,59.32258064516129,47.25806451612903,53.54838709677419,2004-10-01
USW00024233,2004,11,3.16,50.2,39.733333333333334,45.13333333333333,2004-11-01
USW00024233,2004,12,4.37,46.935483870967744,38.03225806451613,42.70967741935484,2004-12-01
USW00024233,2005,1,4.44,47.41935483870968,36.774193548387096,42.354838709677416,2005-01-01
USW00024233,2005,2,1.2,51.035714285714285,34.107142857142854,42.785714285714285,2005-02-01
USW00024233,2005,3,3.71,56.225806451612904,41.87096774193548,49.29032258064516,2005-03-01
USW00024233,2005,4,3.68,57.93333333333333,43.56666666666667,51.03333333333333,2005-04-01
USW00024233,2005,5,3.32,65.80645161290323,50.61290322580645,58.483870967741936,2005-05-01
USW00024233,2005,6,1.6300000000000001,67.4,52.43333333333333,60.166666666666664,2005-06-01
USW00024233,2005,7,1.03,75.3225806451613,55.774193548387096,65.7741935483871,2005-07-01
USW00024233,2005,8,0.29,77.3225806451613,56.16129032258065,66.74193548387096,2005-08-01
USW00024233,2005,9,0.75,68.13333333333334,50.86666666666667,59.5,2005-09-01
USW00024233,2005,10,3.02,59.74193548387097,48.225806451612904,53.983870967741936,2005-10-01
USW00024233,2005,11,5.52,47.53333333333333,38.266666666666666,42.9,2005-11-01
USW00024233,2005,12,6.8500000000000005,47.354838709677416,37.903225806451616,42.62903225806452,2005-12-01
USW00024233,2006,1,11.65,50.806451612903224,42.32258064516129,46.564516129032256,2006-01-01
USW00024233,2006,2,2.55,49.642857142857146,36.17857142857143,42.910714285714285,2006-02-01
USW00024233,2006,3,2.18,52.67741935483871,38.32258064516129,45.5,2006-03-01
USW00024233,2006,4,2.73,58.666666666666664,41.93333333333333,50.3,2006-04-01
USW00024233,2006,5,1.65,66.12903225806451,47.45161290322581,56.79032258064516,2006-05-01
USW00024233,2006,6,1.67,72.2,53.96666666666667,63.083333333333336,2006-06-01
USW00024233,2006,7,0.06,78.06451612903226,56.935483870967744,67.5,2006-07-01
USW00024233,2006,8,0.02,77.12903225806451,54.67741935483871,65.90322580645162,2006-08-01
USW00024233,2006,9,1.43,72.4,52.166666666666664,62.28333333333333,2006-09-01
USW00024233,2006,10,1.55,59.064516129032256,45.45161290322581,52.25806451612903,2006-10-01
USW00024233,2006,11,15.63,49.06666666666667,39.233333333333334,44.15,2006-11-01
USW00024233,2006,12,7.3,45.774193548387096,35.354838709677416,40.564516129032256,2006-12-01
USW00024233,2007,1,6.22,43.58064516129032,32.38709677419355,37.983870967741936,2007-01-01
USW00024233,2007,2,3.38,48.714285714285715,38.535714285714285,43.625,2007-02-01
USW00024233,2007,3,4.42,53.483870967741936,40.74193548387097,47.11290322580645,2007-03-01
USW00024233,2007,4,0.69,58.7,42.53333333333333,50.61666666666667,2007-04-01
USW00024233,2007,5,1.4600000000000002,66.38709677419355,46.74193548387097,56.564516129032256,2007-05-01
USW00024233,2007,6,1.34,69.3,51.333333333333336,60.31666666666667,2007-06-01
USW00024233,2007,7,1.44,77.25806451612904,58.25806451612903,67.75806451612904,2007-07-01
USW00024233,2007,8,0.73,74.7741935483871,56.41935483870968,65.59677419354838,2007-08-01
USW00024233,2007,9,3.16,67.36666666666666,52.46666666666667,59.916666666666664,2007-09-01
USW00024233,2007,10,3.3200000000000003,57.064516129032256,44.0,50.53225806451613,2007-10-01
USW00024233,2007,11,3.71,49.43333333333333,39.2,44.31666666666667,2007-11-01
USW00024233,2007,12,9.08,43.61290322580645,35.96774193548387,39.79032258064516,2007-12-01
USW00024233,2008,1,4.26,43.61290322580645,33.774193548387096,38.693548387096776,2008-01-01
USW00024233,2008,2,1.47,49.62068965517241,38.241379310344826,43.93103448275862,2008-02-01
USW00024233,2008,3,3.65,49.935483870967744,37.03225806451613,43.483870967741936,2008-03-01
USW00024233,2008,4,1.9000000000000001,55.1,38.9,47.0,2008-04-01
USW00024233,2008,5,0.89,63.935483870967744,48.29032258064516,56.11290322580645,2008-05-01
USW00024233,2008,6,1.6400000000000001,66.76666666666667,49.93333333333333,58.35,2008-06-01
USW00024233,2008,7,0.48,74.90322580645162,54.935483870967744,64.91935483870968,2008-07-01
USW00024233,2008,8,2.87,74.61290322580645,57.16129032258065,65.88709677419355,2008-08-01
USW00024233,2008,9,0.78,69.76666666666667,52.2,60.983333333333334,2008-09-01
USW00024233,2008,10,2.17,58.16129032258065,45.12903225806452,51.645161290322584,2008-10-01
USW00024233,2008,11,6.52,54.5,43.8,49.15,2008-11-01
USW00024233,2008,12,4.1,40.83870967741935,32.96774193548387,36.903225806451616,2008-12-01
USW00024233,2009,1,5.4,43.67741935483871,34.41935483870968,39.04838709677419,2009-01-01
USW00024233,2009,2,1.51,48.5,34.75,41.625,2009-02-01
USW00024233,2009,3,4.16,48.0,35.38709677419355,41.693548387096776,2009-03-01
USW00024233,2009,4,3.36,57.7,40.63333333333333,49.166666666666664,2009-04-01
USW00024233,2009,5,3.61,65.87096774193549,46.61290322580645,56.24193548387097,2009-05-01
USW00024233,2009,6,0.18,73.13333333333334,54.4,63.766666666666666,2009-06-01
USW00024233,2009,7,0.06,80.96774193548387,57.935483870967744,69.45161290322581,2009-07-01
USW00024233,2009,8,1.16,74.6774193548387,56.483870967741936,65.58064516129032,2009-08-01
USW00024233,2009,9,1.75,71.56666666666666,53.233333333333334,62.4,2009-09-01
USW00024233,2009,10,5.54,58.54838709677419,45.935483870967744,52.24193548387097,2009-10-01
USW00024233,2009,11,8.96,51.96666666666667,41.266666666666666,46.61666666666667,2009-11-01
USW00024233,2009,12,2.75,43.70967741935484,32.096774193548384,37.903225806451616,2009-12-01
USW00024233,2010,1,6.17,51.45161290322581,42.483870967741936,46.96774193548387,2010-01-01
USW00024233,2010,2,3.52,53.07142857142857,40.5,46.785714285714285,2010-02-01
USW00024233,2010,3,3.7600000000000002,54.45161290322581,39.61290322580645,47.03225806451613,2010-03-01
USW00024233,2010,4,3.49,56.5,42.46666666666667,49.483333333333334,2010-04-01
USW00024233,2010,5,2.83,60.83870967741935,45.516129032258064,53.17741935483871,2010-05-01
USW00024233,2010,6,2.49,65.63333333333334,51.0,58.31666666666667,2010-06-01
USW00024233,2010,7,0.31,74.87096774193549,54.193548387096776,64.53225806451613,2010-07-01
USW00024233,2010,8,0.64,75.19354838709677,55.54838709677419,65.37096774193549,2010-08-01
USW00024233,2010,9,4.8,67.33333333333333,54.43333333333333,60.88333333333333,2010-09-01
USW00024233,2010,10,5.24,59.806451612903224,46.774193548387096,53.29032258064516,2010-10-01
USW00024233,2010,11,5.05,48.266666666666666,38.03333333333333,43.15,2010-11-01
USW00024233,2010,12,8.69,47.87096774193548,38.45161290322581,43.16129032258065,2010-12-01
USW00024233,2011,1,4.99,46.225806451612904,37.32258064516129,41.774193548387096,2011-01-01
USW00024233,2011,2,3.05,45.035714285714285,33.464285714285715,39.25,2011-02-01
USW00024233,2011,3,6.29,51.38709677419355,38.903225806451616,45.145161290322584,2011-03-01
USW00024233,2011,4,4.47,52.233333333333334,38.833333333333336,45.53333333333333,2011-04-01
USW00024233,2011,5,3.2,59.74193548387097,44.903225806451616,52.32258064516129,2011-05-01
USW00024233,2011,6,1.42,67.6,51.166666666666664,59.38333333333333,2011-06-01
USW00024233,2011,7,0.7,73.58064516129032,54.74193548387097,64.16129032258064,2011-07-01
USW00024233,2011,8,0.13,75.83870967741936,55.806451612903224,65.8225806451613,2011-08-01
USW00024233,2011,9,1.29,73.5,54.46666666666667,63.983333333333334,2011-09-01
USW00024233,2011,10,3.45,58.0,46.38709677419355,52.193548387096776,2011-10-01
USW00024233,2011,11,5.16,49.3,36.8,43.05,2011-11-01
USW00024233,2011,12,2.24,44.29032258064516,34.03225806451613,39.16129032258065,2011-12-01
USW00024233,2012,1,6.83,44.70967741935484,34.774193548387096,39.74193548387097,2012-01-01
USW00024233,2012,2,3.63,48.689655172413794,37.758620689655174,43.224137931034484,2012-02-01
USW00024233,2012,3,7.2,49.193548387096776,37.096774193548384,43.145161290322584,2012-03-01
USW00024233,2012,4,2.68,58.766666666666666,42.8,50.78333333333333,2012-04-01
USW00024233,2012,5,2.0500000000000003,63.806451612903224,46.74193548387097,55.274193548387096,2012-05-01
USW00024233,2012,6,2.96,65.66666666666667,50.86666666666667,58.266666666666666,2012-06-01
USW00024233,2012,7,1.04,73.2258064516129,55.29032258064516,64.25806451612904,2012-07-01
USW00024233,2012,8,0.0,78.54838709677419,57.225806451612904,67.88709677419355,2012-08-01
USW00024233,2012,9,0.03,73.2,52.233333333333334,62.71666666666667,2012-09-01
USW00024233,2012,10,6.71,60.483870967741936,47.096774193548384,53.79032258064516,2012-10-01
USW00024233,2012,11,8.28,52.4,41.4,46.9,2012-11-01
USW00024233,2012,12,6.8500000000000005,45.03225806451613,37.935483870967744,41.483870967741936,2012-12-01
USW00024233,2013,1,4.16,43.0,33.45161290322581,38.225806451612904,2013-01-01
USW00024233,2013,2,1.58,49.035714285714285,39.785714285714285,44.410714285714285,2013-02-01
USW00024233,2013,3,2.74,54.87096774193548,40.96774193548387,47.91935483870968,2013-03-01
USW00024233,2013,4,5.890000000000001,57.63333333333333,44.06666666666667,50.36666666666667,2013-04-01
USW00024233,2013,5,2.38,67.3225806451613,49.87096774193548,57.67741935483871,2013-05-01
USW00024233,2013,6,1.3,73.83333333333333,55.7,63.5,2013-06-01
USW00024233,2013,7,0.0,78.96774193548387,57.096774193548384,67.29032258064517,2013-07-01
USW00024233,2013,8,1.35,79.0,59.87096774193548,68.29032258064517,2013-08-01
USW00024233,2013,9,6.17,70.43333333333334,56.46666666666667,62.6,2013-09-01
USW00024233,2013,10,1.54,57.61290322580645,45.74193548387097,51.064516129032256,2013-10-01
USW00024233,2013,11,3.79,53.7,42.06666666666667,47.733333333333334,2013-11-01
USW00024233,2013,12,1.66,44.645161290322584,34.774193548387096,40.225806451612904,2013-12-01
USW00024233,2014,1,3.6999999999999997,49.29032258064516,39.354838709677416,43.774193548387096,2014-01-01
USW00024233,2014,2,6.11,46.75,36.714285714285715,41.5,2014-02-01
USW00024233,2014,3,9.440000000000001,55.225806451612904,41.774193548387096,48.096774193548384,2014-03-01
USW00024233,2014,4,4.18,59.833333333333336,44.1,51.3,2014-04-01
USW00024233,2014,5,3.1500000000000004,67.7741935483871,50.38709677419355,58.67741935483871,2014-05-01
USW00024233,2014,6,0.73,70.86666666666666,53.166666666666664,60.9,2014-06-01
USW00024233,2014,7,0.77,80.41935483870968,57.96774193548387,68.3225806451613,2014-07-01
USW00024233,2014,8,1.81,79.48387096774194,58.806451612903224,68.54838709677419,2014-08-01
USW00024233,2014,9,2.23,73.7,55.833333333333336,64.0,2014-09-01
USW00024233,2014,10,6.75,64.3225806451613,51.58064516129032,57.41935483870968,2014-10-01
USW00024233,2014,11,4.84,51.86666666666667,40.06666666666667,45.833333333333336,2014-11-01
USW00024233,2014,12,4.79,50.25806451612903,40.25806451612903,44.87096774193548,2014-12-01
USW00024233,2015,1,3.66,50.29032258064516,39.83870967741935,44.516129032258064,2015-01-01
USW00024233,2015,2,5.27,54.535714285714285,42.964285714285715,48.67857142857143,2015-02-01
USW00024233,2015,3,4.47,57.87096774193548,43.16129032258065,50.193548387096776,2015-03-01
USW00024233,2015,4,2.0300000000000002,59.9,42.833333333333336,50.56666666666667,2015-04-01
USW00024233,2015,5,0.58,68.03225806451613,50.225806451612904,58.16129032258065,2015-05-01
USW00024233,2015,6,0.22999999999999998,78.9,56.43333333333333,66.86666666666666,2015-06-01
USW00024233,2015,7,0.09,82.58064516129032,59.903225806451616,70.64516129032258,2015-07-01
USW00024233,2015,8,3.2800000000000002,78.96774193548387,58.45161290322581,68.35483870967742,2015-08-01
USW00024233,2015,9,0.8300000000000001,68.53333333333333,52.46666666666667,60.0,2015-09-01
USW00024233,2015,10,4.81,63.58064516129032,50.903225806451616,56.70967741935484,2015-10-01
USW00024233,2015,11,8.37,49.43333333333333,38.233333333333334,44.0,2015-11-01
USW00024233,2015,12,11.209999999999999,47.064516129032256,38.87096774193548,42.61290322580645,2015-12-01
USW00024233,2016,1,7.45,49.064516129032256,38.354838709677416,43.45161290322581,2016-01-01
USW00024233,2016,2,5.97,53.55172413793103,41.241379310344826,47.206896551724135,2016-02-01
USW00024233,2016,3,5.5200000000000005,56.41935483870968,42.29032258064516,48.354838709677416,2016-03-01
USW00024233,2016,4,1.19,65.9,47.5,55.8,2016-04-01
USW00024233,2016,5,0.94,68.83870967741936,50.70967741935484,59.32258064516129,2016-05-01
USW00024233,2016,6,1.77,73.1,53.93333333333333,62.53333333333333,2016-06-01
USW00024233,2016,7,0.72,75.96774193548387,57.645161290322584,65.70967741935483,2016-07-01
USW00024233,2016,8,0.17,79.54838709677419,57.903225806451616,68.09677419354838,2016-08-01
USW00024233,2016,9,1.05,69.56666666666666,52.86666666666667,60.46666666666667,2016-09-01
USW00024233,2016,10,10.05,60.54838709677419,49.096774193548384,54.16129032258065,2016-10-01
USW00024233,2016,11,6.48,56.03333333333333,45.7,50.833333333333336,2016-11-01
USW00024233,2016,12,3.87,41.903225806451616,34.0,38.0,2016-12-01
USW00024233,2017,1,4.22,43.67741935483871,32.03225806451613,37.70967741935484,2017-01-01
USW00024233,2017,2,8.85,46.642857142857146,36.0,40.92857142857143,2017-02-01
USW00024233,2017,3,7.32,51.54838709677419,40.54838709677419,45.54838709677419,2017-03-01
USW00024233,2017,4,4.21,57.3,43.96666666666667,50.06666666666667,2017-04-01
USW00024233,2017,5,2.28,67.0,48.83870967741935,57.225806451612904,2017-05-01
USW00024233,2017,6,1.52,72.1,53.7,62.03333333333333,2017-06-01
USW00024233,2017,7,0.0,78.3225806451613,56.32258064516129,66.54838709677419,2017-07-01
USW00024233,2017,8,0.02,81.51612903225806,59.0,69.51612903225806,2017-08-01
USW00024233,2017,9,0.59,73.8,55.56666666666667,64.06666666666666,2017-09-01
USW00024233,2017,10,4.800000000000001,61.096774193548384,45.29032258064516,52.354838709677416,2017-10-01
USW00024233,2017,11,8.63,51.333333333333336,42.0,46.333333333333336,2017-11-01
USW00024233,2017,12,5.43,45.54838709677419,34.54838709677419,39.903225806451616,2017-12-01
USW00024233,2018,1,8.120000000000001,49.67741935483871,40.29032258064516,44.54838709677419,2018-01-01
USW00024233,2018,2,2.16,45.785714285714285,36.5,40.892857142857146,2018-02-01
USW00024233,2018,3,2.44,54.03225806451613,38.61290322580645,45.935483870967744,2018-03-01
USW00024233,2018,4,5.6899999999999995,58.56666666666667,44.1,51.03333333333333,2018-04-01
USW00024233,2018,5,0.12,70.83870967741936,51.483870967741936,59.774193548387096,2018-05-01
USW00024233,2018,6,0.63,71.86666666666666,53.4,61.833333333333336,2018-06-01
USW00024233,2018,7,0.05,82.83870967741936,58.516129032258064,69.83870967741936,2018-07-01
USW00024233,2018,8,0.2,79.09677419354838,58.516129032258064,67.90322580645162,2018-08-01
USW00024233,2018,9,1.04,70.53333333333333,54.1,61.333333333333336,2018-09-01
USW00024233,2018,10,3.7800000000000002,60.516129032258064,47.03225806451613,53.25806451612903,2018-10-01
USW00024233,2018,11,5.42,53.86666666666667,43.233333333333334,48.6,2018-11-01
USW00024233,2018,12,6.08,48.935483870967744,39.41935483870968,43.87096774193548,2018-12-01
USW00024233,2019,1,3.83,51.12903225806452,38.87096774193548,44.74193548387097,2019-01-01
USW00024233,2019,2,4.62,41.75,31.571428571428573,36.75,2019-02-01
USW00024233,2019,3,1.37,57.193548387096776,39.67741935483871,47.516129032258064,2019-03-01
USW00024233,2019,4,3.5300000000000002,59.333333333333336,45.56666666666667,52.0,2019-04-01
USW00024233,2019,5,0.62,69.74193548387096,51.225806451612904,59.58064516129032,2019-05-01
USW00024233,2019,6,0.8999999999999999,73.36666666666666,53.9,62.06666666666667,2019-06-01
USW00024233,2019,7,1.15,76.45161290322581,58.54838709677419,66.54838709677419,2019-07-01
USW00024233,2019,8,1.2,78.3225806451613,59.87096774193548,68.09677419354838,2019-08-01
USW00024233,2019,9,3.32,69.43333333333334,56.13333333333333,62.13333333333333,2019-09-01
USW00024233,2019,10,3.67,57.96774193548387,43.70967741935484,50.645161290322584,2019-10-01
USW00024233,2019,11,1.71,52.56666666666667,40.7,46.333333333333336,2019-11-01
USW00024233,2019,12,7.96,48.16129032258065,40.74193548387097,44.38709677419355,2019-12-01
USW00024233,2020,1,9.23,49.32258064516129,40.774193548387096,44.74193548387097,2020-01-01
USW00024233,2020,2,4.05,49.51724137931034,37.758620689655174,43.758620689655174,2020-02-01
USW00024233,2020,3,3.17,51.29032258064516,38.32258064516129,44.193548387096776,2020-03-01
USW00024233,2020,4,1.7,61.0,43.63333333333333,51.56666666666667,2020-04-01
USW00024233,2020,5,3.12,68.0,50.54838709677419,58.645161290322584,2020-05-01
USW00024233,2020,6,2.2800000000000002,70.26666666666667,53.36666666666667,60.8,2020-06-01
USW00024233,2020,7,0.16999999999999998,76.83870967741936,57.225806451612904,66.12903225806451,2020-07-01
USW00024233,2020,8,0.31,78.38709677419355,57.41935483870968,67.12903225806451,2020-08-01
USW00024233,2020,9,2.48,74.3,56.733333333333334,64.53333333333333,2020-09-01
USW00024233,2020,10,2.58,60.16129032258065,48.45161290322581,53.96774193548387,2020-10-01
USW00024233,2020,11,5.58,51.43333333333333,41.233333333333334,46.266666666666666,2020-11-01
USW00024233,2020,12,6.6499999999999995,49.83870967741935,38.935483870967744,44.16129032258065,2020-12-01
USW00024233,2021,1,8.75,48.806451612903224,38.83870967741935,43.806451612903224,2021-01-01
USW00024233,2021,2,4.68,46.57142857142857,36.285714285714285,41.07142857142857,2021-02-01
USW00024233,2021,3,2.61,53.193548387096776,37.935483870967744,45.064516129032256,2021-03-01
USW00024233,2021,4,1.03,62.766666666666666,43.233333333333334,52.9,2021-04-01
USW00024233,2021,5,1.12,65.70967741935483,48.096774193548384,55.806451612903224,2021-05-01
USW00024233,2021,6,1.9100000000000001,76.56666666666666,55.53333333333333,65.93333333333334,2021-06-01
USW00024233,2021,7,0.0,79.12903225806451,56.87096774193548,67.06451612903226,2021-07-01
USW00024233,2021,8,0.11,77.80645161290323,57.12903225806452,66.51612903225806,2021-08-01
USW00024233,2021,9,3.02,70.33333333333333,53.43333333333333,61.233333333333334,2021-09-01
USW00024233,2021,10,5.76,57.87096774193548,45.774193548387096,51.70967741935484,2021-10-01
USW00024233,2021,11,10.26,53.06666666666667,42.7,47.7,2021-11-01
USW00024233,2021,12,4.08,41.87096774193548,34.16129032258065,38.064516129032256,2021-12-01
USW00024233,2022,1,7.0600000000000005,46.225806451612904,35.74193548387097,40.74193548387097,2022-01-01
USW00024233,2022,2,5.32,47.857142857142854,36.357142857142854,41.82142857142857,2022-02-01
USW00024233,2022,3,3.32,53.096774193548384,40.774193548387096,46.58064516129032,2022-03-01
USW00024233,2022,4,2.71,54.666666666666664,39.43333333333333,46.46666666666667,2022-04-01
USW00024233,2022,5,3.82,60.03225806451613,45.193548387096776,52.193548387096776,2022-05-01
USW00024233,2022,6,2.67,69.06666666666666,53.2,60.6,2022-06-01
USW00024233,2022,7,0.18,79.83870967741936,57.806451612903224,67.96774193548387,2022-07-01
USW00024233,2022,8,0.05,80.93548387096774,59.064516129032256,69.16129032258064,2022-08-01
USW00024233,2022,9,0.25,74.56666666666666,55.06666666666667,63.86666666666667,2022-09-01
USW00024233,2022,10,2.51,66.16129032258064,49.096774193548384,56.935483870967744,2022-10-01
USW00024233,2022,11,5.49,48.06666666666667,35.766666666666666,42.233333333333334,2022-11-01
USW00024233,2022,12,7.55,43.225806451612904,34.354838709677416,38.61290322580645,2022-12-01
USW00024233,2023,1,3.09,48.38709677419355,38.58064516129032,43.45161290322581,2023-01-01
USW00024233,2023,2,2.36,46.32142857142857,35.035714285714285,40.67857142857143,2023-02-01
USW00024233,2023,3,2.56,51.96774193548387,37.16129032258065,43.935483870967744,2023-03-01
USW00024233,2023,4,3.8600000000000003,55.333333333333336,41.666666666666664,47.86666666666667,2023-04-01
USW00024233,2023,5,0.9299999999999999,70.61290322580645,51.16129032258065,60.064516129032256,2023-05-01
USW00024233,2023,6,1.22,71.96666666666667,52.0,60.96666666666667,2023-06-01
USW00024233,2023,7,0.09,80.06451612903226,56.96774193548387,67.54838709677419,2023-07-01
USW00024233,2023,8,0.27,79.87096774193549,59.935483870967744,69.12903225806451,2023-08-01
USW00024233,2023,9,3.44,70.6,53.43333333333333,61.166666666666664,2023-09-01
USW00024233,2023,10,2.89,61.38709677419355,47.74193548387097,53.903225806451616,2023-10-01
USW00024233,2023,11,5.78,51.0,38.666666666666664,44.86666666666667,2023-11-01
USW00024233,2023,12,8.48,50.58064516129032,40.38709677419355,45.25806451612903,2023-12-01
USW00024233,2024,1,6.5200000000000005,46.45161290322581,36.67741935483871,41.32258064516129,2024-01-01
USW00024233,2024,2,3.84,49.55172413793103,39.06896551724138,44.275862068965516,2024-02-01
USW00024233,2024,3,2.36,54.064516129032256,40.225806451612904,46.225806451612904,2024-03-01
USW00024233,2024,4,0.49,59.25,42.89473684210526,49.9,2024-04-01
USW00024233,2024,5,1.54,64.03225806451613,47.16129032258065,54.83870967741935,2024-05-01
USW00024233,2024,6,1.19,69.8,52.2,60.233333333333334,2024-06-01
USW00024233,2024,7,0.16,81.41935483870968,58.193548387096776,69.35483870967742,2024-07-01
USW00024233,2024,8,1.66,75.6774193548387,57.29032258064516,65.3225806451613,2024-08-01
USW00024233,2024,9,0.62,70.46666666666667,54.666666666666664,61.86666666666667,2024-09-01
USW00024233,2024,10,3.04,60.58064516129032,47.38709677419355,53.54838709677419,2024-10-01
USW00024233,2024,11,4.86,50.63333333333333,41.43333333333333,45.86666666666667,2024-11-01
USW00024233,2024,12,5.49,49.61290322580645,38.774193548387096,43.70967741935484,2024-12-01
USW00093134,1996,6,0.0,80.08333333333333,62.208333333333336,71.14583333333333,1996-06-01
USW00093134,1996,7,0.0,85.06451612903226,65.06451612903226,75.06451612903226,1996-07-01
USW00093134,1996,8,0.0,87.51612903225806,66.87096774193549,77.19354838709677,1996-08-01
USW00093134,1996,9,0.0,82.23333333333333,64.83333333333333,73.53333333333333,1996-09-01
USW00093134,1996,10,1.06,75.7741935483871,58.12903225806452,66.95161290322581,1996-10-01
USW00093134,1996,11,1.5899999999999999,73.63333333333334,54.93333333333333,64.28333333333333,1996-11-01
USW00093134,1996,12,4.09,67.90322580645162,51.354838709677416,59.62903225806452,1996-12-01
USW00093134,1997,1,5.58,65.87096774193549,51.41935483870968,58.645161290322584,1997-01-01
USW00093134,1997,2,0.08,70.39285714285714,51.464285714285715,60.92857142857143,1997-02-01
USW00093134,1997,3,0.0,75.38709677419355,54.74193548387097,65.06451612903226,1997-03-01
USW00093134,1997,4,0.0,75.0,56.36666666666667,65.68333333333334,1997-04-01
USW00093134,1997,5,0.0,81.45161290322581,63.806451612903224,72.62903225806451,1997-05-01
USW00093134,1997,6,0.0,77.8,64.23333333333333,71.01666666666667,1997-06-01
USW00093134,1997,7,0.0,81.51612903225806,64.80645161290323,73.16129032258064,1997-07-01
USW00093134,1997,8,0.0,86.96774193548387,68.2258064516129,77.59677419354838,1997-08-01
USW00093134,1997,9,0.45,89.4,70.1,79.75,1997-09-01
USW00093134,1997,10,0.0,80.70967741935483,61.483870967741936,71.09677419354838,1997-10-01
USW00093134,1997,11,2.06,74.0,56.36666666666667,65.18333333333334,1997-11-01
USW00093134,1997,12,2.52,68.48387096774194,49.225806451612904,58.854838709677416,1997-12-01
USW00093134,1998,1,4.12,66.48387096774194,51.03225806451613,58.75806451612903,1998-01-01
USW00093134,1998,2,13.68,64.25,49.75,57.0,1998-02-01
USW00093134,1998,3,4.0600000000000005,70.16129032258064,53.645161290322584,61.903225806451616,1998-03-01
USW00093134,1998,4,0.9699999999999999,71.1,53.333333333333336,62.43333333333333,1998-04-01
USW00093134,1998,5,3.1,71.2258064516129,57.193548387096776,64.41935483870968,1998-05-01
USW00093134,1998,6,0.05,76.06666666666666,61.43333333333333,69.06666666666666,1998-06-01
USW00093134,1998,7,0.0,85.6774193548387,66.6774193548387,76.48387096774194,1998-07-01
USW00093134,1998,8,0.0,90.45161290322581,69.2258064516129,80.09677419354838,1998-08-01
USW00093134,1998,9,0.01,81.0,66.23333333333333,73.86666666666666,1998-09-01
USW00093134,1998,10,0.0,78.48387096774194,59.516129032258064,69.2258064516129,1998-10-01
USW00093134,1998,11,1.32,71.9,52.9,62.733333333333334,1998-11-01
USW00093134,1998,12,0.5399999999999999,69.25806451612904,48.903225806451616,59.32258064516129,1998-12-01
USW00093134,1999,1,1.85,70.38709677419355,51.12903225806452,61.03225806451613,1999-01-01
USW00093134,1999,2,0.56,68.92857142857143,50.75,60.142857142857146,1999-02-01
USW00093134,1999,3,1.24,64.0,49.70967741935484,57.096774193548384,1999-03-01
USW00093134,1999,4,2.57,67.33333333333333,51.36666666666667,59.6,1999-04-01
USW00093134,1999,5,0.02,70.38709677419355,56.193548387096776,63.61290322580645,1999-05-01
USW00093134,1999,6,0.98,76.13333333333334,57.46666666666667,66.93333333333334,1999-06-01
USW00093134,1999,7,0.0,80.54838709677419,62.96774193548387,72.0,1999-07-01
USW00093134,1999,8,0.0,81.09677419354838,61.58064516129032,71.46774193548387,1999-08-01
USW00093134,1999,9,0.0,77.86666666666666,60.46666666666667,69.46666666666667,1999-09-01
USW00093134,1999,10,0.0,84.06451612903226,58.806451612903224,71.6774193548387,1999-10-01
USW00093134,1999,11,0.44,71.53333333333333,52.0,62.06666666666667,1999-11-01
USW00093134,1999,12,0.4,70.2258064516129,45.87096774193548,58.32258064516129,1999-12-01
USW00093134,2000,1,0.88,67.51612903225806,49.54838709677419,58.806451612903224,2000-01-01
USW00093134,2000,2,5.54,65.37931034482759,49.689655172413794,57.793103448275865,2000-02-01
USW00093134,2000,3,2.82,68.41935483870968,50.61290322580645,59.774193548387096,2000-03-01
USW00093134,2000,4,1.49,73.16666666666667,54.86666666666667,64.26666666666667,2000-04-01
USW00093134,2000,5,0.0,76.19354838709677,59.16129032258065,67.87096774193549,2000-05-01
USW00093134,2000,6,0.0,79.96666666666667,62.4,71.4,2000-06-01
USW00093134,2000,7,0.0,81.6774193548387,62.806451612903224,72.51612903225806,2000-07-01
USW00093134,2000,8,0.07,84.29032258064517,65.12903225806451,74.93548387096774,2000-08-01
USW00093134,2000,9,0.15,82.83333333333333,62.5,72.86666666666666,2000-09-01
USW00093134,2000,10,0.98,72.61290322580645,57.58064516129032,65.29032258064517,2000-10-01
USW00093134,2000,11,0.0,69.76666666666667,48.06666666666667,57.06666666666667,2000-11-01
USW00093134,2000,12,0.0,69.96774193548387,47.67741935483871,59.096774193548384,2000-12-01
USW00093134,2001,1,5.59,64.41935483870968,44.354838709677416,54.67741935483871,2001-01-01
USW00093134,2001,2,8.87,62.535714285714285,46.82142857142857,55.0,2001-02-01
USW00093134,2001,3,1.17,67.93548387096774,52.806451612903224,60.53225806451613,2001-03-01
USW00093134,2001,4,1.11,68.46666666666667,51.333333333333336,60.13333333333333,2001-04-01
USW00093134,2001,5,0.0,75.51612903225806,59.064516129032256,67.58064516129032,2001-05-01
USW00093134,2001,6,0.0,79.83333333333333,61.666666666666664,71.0,2001-06-01
USW00093134,2001,7,0.0,79.6774193548387,62.16129032258065,71.16129032258064,2001-07-01
USW00093134,2001,8,0.0,81.48387096774194,62.516129032258064,72.29032258064517,2001-08-01
USW00093134,2001,9,0.0,80.53333333333333,62.2,71.66666666666667,2001-09-01
USW00093134,2001,10,0.06,76.38709677419355,59.903225806451616,68.45161290322581,2001-10-01
USW00093134,2001,11,1.42,70.6,53.4,62.233333333333334,2001-11-01
USW00093134,2001,12,1.3800000000000001,65.6774193548387,47.12903225806452,56.70967741935484,2001-12-01
USW00093134,2002,1,0.8,66.35483870967742,47.064516129032256,57.064516129032256,2002-01-01
USW00093134,2002,2,0.29,72.57142857142857,48.785714285714285,60.892857142857146,2002-02-01
USW00093134,2002,3,0.32,68.87096774193549,50.67741935483871,60.0,2002-03-01
USW00093134,2002,4,0.09000000000000001,68.5,53.96666666666667,61.53333333333333,2002-04-01
USW00093134,2002,5,0.05,72.48387096774194,56.38709677419355,64.70967741935483,2002-05-01
USW00093134,2002,6,0.01,76.33333333333333,61.06666666666667,69.0,2002-06-01
USW00093134,2002,7,0.0,81.06451612903226,63.516129032258064,72.41935483870968,2002-07-01
USW00093134,2002,8,0.0,80.45161290322581,62.29032258064516,71.58064516129032,2002-08-01
USW00093134,2002,9,0.0,82.36666666666666,61.9,72.4,2002-09-01
USW00093134,2002,10,0.05,71.87096774193549,57.45161290322581,64.96774193548387,2002-10-01
USW00093134,2002,11,2.43,75.33333333333333,53.46666666666667,64.61666666666666,2002-11-01
USW00093134,2002,12,3.31,65.3225806451613,47.774193548387096,56.806451612903224,2002-12-01
USW00093134,2003,1,0.0,74.41935483870968,52.29032258064516,63.61290322580645,2003-01-01
USW00093134,2003,2,4.64,67.28571428571429,50.42857142857143,59.035714285714285,2003-02-01
USW00093134,2003,3,4.32,71.64516129032258,52.12903225806452,62.12903225806452,2003-03-01
USW00093134,2003,4,0.7100000000000001,69.16666666666667,52.2,60.86666666666667,2003-04-01
USW00093134,2003,5,1.02,73.03225806451613,55.806451612903224,64.70967741935483,2003-05-01
USW00093134,2003,6,0.01,73.43333333333334,60.733333333333334,67.36666666666666,2003-06-01
USW00093134,2003,7,0.0,84.45161290322581,66.41935483870968,75.74193548387096,2003-07-01
USW00093134,2003,8,0.0,85.83870967741936,65.38709677419355,75.83870967741936,2003-08-01
USW00093134,2003,9,0.0,79.96666666666667,62.86666666666667,71.66666666666667,2003-09-01
USW00093134,2003,10,0.53,80.29032258064517,60.193548387096776,70.58064516129032,2003-10-01
USW00093134,2003,11,0.79,68.86666666666666,50.6,59.96666666666667,2003-11-01
USW00093134,2003,12,1.35,65.80645161290323,47.193548387096776,56.774193548387096,2003-12-01
USW00093134,2004,1,0.47000000000000003,66.51612903225806,47.83870967741935,57.38709677419355,2004-01-01
USW00093134,2004,2,4.89,65.10344827586206,47.37931034482759,56.48275862068966,2004-02-01
USW00093134,2004,3,1.17,74.51612903225806,55.03225806451613,65.09677419354838,2004-03-01
USW00093134,2004,4,0.04,74.5,56.63333333333333,65.83333333333333,2004-04-01
USW00093134,2004,5,0.0,79.0,60.45161290322581,69.96774193548387,2004-05-01
USW00093134,2004,6,0.0,76.3,62.266666666666666,69.53333333333333,2004-06-01
USW00093134,2004,7,0.0,82.09677419354838,63.935483870967744,73.25806451612904,2004-07-01
USW00093134,2004,8,0.0,80.90322580645162,64.0,72.6774193548387,2004-08-01
USW00093134,2004,9,0.0,84.16666666666667,64.96666666666667,74.8,2004-09-01
USW00093134,2004,10,4.56,73.0,57.16129032258065,65.38709677419355,2004-10-01
USW00093134,2004,11,0.2,68.1,50.1,59.4,2004-11-01
USW00093134,2004,12,8.77,67.45161290322581,47.96774193548387,57.87096774193548,2004-12-01
USW00093134,2005,1,9.32,66.61290322580645,49.87096774193548,58.516129032258064,2005-01-01
USW00093134,2005,2,11.02,66.60714285714286,51.0,59.125,2005-02-01
USW00093134,2005,3,2.14,68.7741935483871,52.58064516129032,60.854838709677416,2005-03-01
USW00093134,2005,4,1.05,72.16666666666667,53.56666666666667,63.18333333333333,2005-04-01
USW00093134,2005,5,0.19,75.90322580645162,58.61290322580645,67.58064516129032,2005-05-01
USW00093134,2005,6,0.0,75.63333333333334,59.53333333333333,67.83333333333333,2005-06-01
USW00093134,2005,7,0.0,82.25806451612904,63.67741935483871,70.83870967741936,2005-07-01
USW00093134,2005,8,0.0,82.29032258064517,64.0,73.14516129032258,2005-08-01
USW00093134,2005,9,0.29,79.63333333333334,60.0,69.81666666666666,2005-09-01
USW00093134,2005,10,1.35,75.48387096774194,57.54838709677419,66.51612903225806,2005-10-01
USW00093134,2005,11,0.22,73.83333333333333,53.86666666666667,63.85,2005-11-01
USW00093134,2005,12,1.03,67.70967741935483,50.45161290322581,59.08064516129032,2005-12-01
USW00093134,2006,1,2.06,67.93548387096774,48.03225806451613,57.983870967741936,2006-01-01
USW00093134,2006,2,2.37,70.53571428571429,48.75,59.642857142857146,2006-02-01
USW00093134,2006,3,2.87,63.32258064516129,47.225806451612904,55.274193548387096,2006-03-01
USW00093134,2006,4,2.15,68.6,53.1,60.85,2006-04-01
USW00093134,2006,5,0.85,74.25806451612904,59.54838709677419,66.90322580645162,2006-05-01
USW00093134,2006,6,0.0,82.9,64.06666666666666,73.48333333333333,2006-06-01
USW00093134,2006,7,0.0,89.70967741935483,70.09677419354838,79.90322580645162,2006-07-01
USW00093134,2006,8,0.0,84.80645161290323,66.35483870967742,75.58064516129032,2006-08-01
USW00093134,2006,9,0.0,84.43333333333334,64.2,74.31666666666666,2006-09-01
USW00093134,2006,10,0.34,79.45161290322581,60.0,69.7258064516129,2006-10-01
USW00093134,2006,11,0.16,77.9,56.766666666666666,67.33333333333333,2006-11-01
USW00093134,2006,12,0.81,71.2258064516129,48.193548387096776,59.70967741935484,2006-12-01
USW00093134,2007,1,0.19,68.25806451612904,46.774193548387096,57.516129032258064,2007-01-01
USW00093134,2007,2,0.92,71.39285714285714,51.535714285714285,61.464285714285715,2007-02-01
USW00093134,2007,3,0.05,73.3225806451613,53.096774193548384,63.20967741935484,2007-03-01
USW00093134,2007,4,0.74,70.96666666666667,54.233333333333334,62.6,2007-04-01
USW00093134,2007,5,0.0,73.58064516129032,56.70967741935484,65.14516129032258,2007-05-01
USW00093134,2007,6,0.0,77.63333333333334,60.13333333333333,68.88333333333334,2007-06-01
USW00093134,2007,7,0.0,83.25806451612904,65.16129032258064,74.20967741935483,2007-07-01
USW00093134,2007,8,0.0,85.06451612903226,65.87096774193549,75.46774193548387,2007-08-01
USW00093134,2007,9,0.52,81.2,62.36666666666667,71.78333333333333,2007-09-01
USW00093134,2007,10,0.9500000000000001,78.93548387096774,57.903225806451616,68.41935483870968,2007-10-01
USW00093134,2007,11,0.56,71.1,53.96666666666667,62.53333333333333,2007-11-01
USW00093134,2007,12,1.73,65.3225806451613,46.45161290322581,55.88709677419355,2007-12-01
USW00093134,2008,1,7.97,64.12903225806451,46.61290322580645,55.37096774193548,2008-01-01
USW00093134,2008,2,1.6400000000000001,67.17241379310344,47.89655172413793,57.53448275862069,2008-02-01
USW00093134,2008,3,0.01,72.38709677419355,51.87096774193548,62.12903225806452,2008-03-01
USW00093134,2008,4,0.04,75.16666666666667,54.3,64.73333333333333,2008-04-01
USW00093134,2008,5,0.11,74.29032258064517,57.354838709677416,65.8225806451613,2008-05-01
USW00093134,2008,6,0.0,80.96666666666667,62.233333333333334,71.6,2008-06-01
USW00093134,2008,7,0.0,82.25806451612904,64.96774193548387,73.61290322580645,2008-07-01
USW00093134,2008,8,0.0,84.51612903225806,65.93548387096774,75.2258064516129,2008-08-01
USW00093134,2008,9,0.0,83.16666666666667,64.3,73.73333333333333,2008-09-01
USW00093134,2008,10,0.02,84.93548387096774,59.935483870967744,72.43548387096774,2008-10-01
USW00093134,2008,11,1.8499999999999999,77.73333333333333,56.5,67.11666666666666,2008-11-01
USW00093134,2008,12,2.79,65.83870967741936,48.54838709677419,57.193548387096776,2008-12-01
USW00093134,2009,1,0.33999999999999997,74.2258064516129,50.83870967741935,62.53225806451613,2009-01-01
USW00093134,2009,2,3.57,67.0,49.285714285714285,58.142857142857146,2009-02-01
USW00093134,2009,3,0.33,69.45161290322581,52.0,60.725806451612904,2009-03-01
USW00093134,2009,4,0.03,72.33333333333333,54.0,63.166666666666664,2009-04-01
USW00093134,2009,5,0.0,75.35483870967742,59.67741935483871,67.51612903225806,2009-05-01
USW00093134,2009,6,0.15,74.53333333333333,60.833333333333336,67.68333333333334,2009-06-01
USW00093134,2009,7,0.0,83.80645161290323,64.25806451612904,74.03225806451613,2009-07-01
USW00093134,2009,8,0.0,84.09677419354838,64.35483870967742,74.2258064516129,2009-08-01
USW00093134,2009,9,0.0,86.4,66.0,76.2,2009-09-01
USW00093134,2009,10,2.0700000000000003,77.93548387096774,59.16129032258065,68.54838709677419,2009-10-01
USW00093134,2009,11,0.01,74.9,53.0,63.95,2009-11-01
USW00093134,2009,12,2.89,66.06451612903226,48.774193548387096,57.41935483870968,2009-12-01
USW00093134,2010,1,4.9399999999999995,69.41935483870968,50.87096774193548,60.145161290322584,2010-01-01
USW00093134,2010,2,4.27,68.53571428571429,51.357142857142854,59.94642857142857,2010-02-01
USW00093134,2010,3,0.48,72.41935483870968,53.29032258064516,62.854838709677416,2010-03-01
USW00093134,2010,4,1.65,70.23333333333333,53.46666666666667,61.85,2010-04-01
USW00093134,2010,5,0.05,73.58064516129032,57.354838709677416,65.46774193548387,2010-05-01
USW00093134,2010,6,0.0,77.1,62.56666666666667,69.83333333333333,2010-06-01
USW00093134,2010,7,0.0,79.41935483870968,64.29032258064517,71.85483870967742,2010-07-01
USW00093134,2010,8,0.0,83.16129032258064,64.0,73.58064516129032,2010-08-01
USW00093134,2010,9,0.0,84.26666666666667,63.733333333333334,74.0,2010-09-01
USW00093134,2010,10,0.94,76.38709677419355,62.25806451612903,69.3225806451613,2010-10-01
USW00093134,2010,11,0.53,71.5,51.0,61.25,2010-11-01
USW00093134,2010,12,10.23,66.29032258064517,49.903225806451616,58.096774193548384,2010-12-01
USW00093134,2011,1,0.79,70.06451612903226,48.806451612903224,59.435483870967744,2011-01-01
USW00093134,2011,2,3.29,64.96428571428571,46.17857142857143,55.57142857142857,2011-02-01
USW00093134,2011,3,3.96,68.74193548387096,50.935483870967744,59.83870967741935,2011-03-01
USW00093134,2011,4,0.0,72.56666666666666,55.43333333333333,64.0,2011-04-01
USW00093134,2011,5,0.45,73.64516129032258,56.0,64.8225806451613,2011-05-01
USW00093134,2011,6,0.01,74.46666666666667,59.0,66.73333333333333,2011-06-01
USW00093134,2011,7,0.0,80.6774193548387,63.516129032258064,72.09677419354838,2011-07-01
USW00093134,2011,8,0.0,81.6774193548387,62.774193548387096,72.2258064516129,2011-08-01
USW00093134,2011,9,0.0,79.1,62.0,70.55,2011-09-01
USW00093134,2011,10,1.17,76.70967741935483,57.354838709677416,67.03225806451613,2011-10-01
USW00093134,2011,11,1.58,69.23333333333333,51.0,60.11666666666667,2011-11-01
USW00093134,2011,12,1.01,65.70967741935483,43.67741935483871,54.693548387096776,2011-12-01
USW00093134,2012,1,1.3,70.58064516129032,47.54838709677419,59.064516129032256,2012-01-01
USW00093134,2012,2,0.16,67.06896551724138,48.03448275862069,57.55172413793103,2012-02-01
USW00093134,2012,3,1.75,67.3225806451613,49.16129032258065,58.24193548387097,2012-03-01
USW00093134,2012,4,1.71,72.46666666666667,52.733333333333334,62.6,2012-04-01
USW00093134,2012,5,0.01,73.19354838709677,57.74193548387097,65.46774193548387,2012-05-01
USW00093134,2012,6,0.0,75.7,60.3,68.0,2012-06-01
USW00093134,2012,7,0.01,79.41935483870968,61.61290322580645,70.51612903225806,2012-07-01
USW00093134,2012,8,0.0,86.3225806451613,66.90322580645162,76.61290322580645,2012-08-01
USW00093134,2012,9,0.0,86.73333333333333,65.86666666666666,76.3,2012-09-01
USW00093134,2012,10,0.02,81.12903225806451,61.193548387096776,71.16129032258064,2012-10-01
USW00093134,2012,11,1.03,73.03333333333333,53.63333333333333,63.333333333333336,2012-11-01
USW00093134,2012,12,2.16,64.25806451612904,49.03225806451613,56.645161290322584,2012-12-01
USW00093134,2013,1,1.18,68.06451612903226,45.25806451612903,56.66129032258065,2013-01-01
USW00093134,2013,2,0.19999999999999998,68.03571428571429,46.785714285714285,57.410714285714285,2013-02-01
USW00093134,2013,3,0.54,71.51612903225806,52.38709677419355,61.95161290322581,2013-03-01
USW00093134,2013,4,0.0,72.4,55.5,63.95,2013-04-01
USW00093134,2013,5,0.71,76.48387096774194,60.193548387096776,68.33870967741936,2013-05-01
USW00093134,2013,6,0.0,78.0,62.56666666666667,70.28333333333333,2013-06-01
USW00093134,2013,7,0.09,80.7741935483871,64.03225806451613,72.40322580645162,2013-07-01
USW00093134,2013,8,0.0,81.83870967741936,63.193548387096776,72.51612903225806,2013-08-01
USW00093134,2013,9,0.0,83.63333333333334,63.46666666666667,73.55,2013-09-01
USW00093134,2013,10,0.06,77.19354838709677,57.096774193548384,67.14516129032258,2013-10-01
USW00093134,2013,11,0.62,74.46666666666667,54.266666666666666,64.36666666666666,2013-11-01
USW00093134,2013,12,0.2,70.83870967741936,46.935483870967744,58.88709677419355,2013-12-01
USW00093134,2014,1,0.0,74.41935483870968,50.12903225806452,62.274193548387096,2014-01-01
USW00093134,2014,2,3.58,70.5,51.964285714285715,61.232142857142854,2014-02-01
USW00093134,2014,3,1.18,72.54838709677419,54.87096774193548,63.70967741935484,2014-03-01
USW00093134,2014,4,0.35,74.56666666666666,55.3,64.93333333333334,2014-04-01
USW00093134,2014,5,0.0,80.03225806451613,60.903225806451616,70.46774193548387,2014-05-01
USW00093134,2014,6,0.0,76.73333333333333,61.166666666666664,68.95,2014-06-01
USW00093134,2014,7,0.0,84.09677419354838,66.38709677419355,75.24193548387096,2014-07-01
USW00093134,2014,8,0.04,84.83870967741936,65.7741935483871,75.30645161290323,2014-08-01
USW00093134,2014,9,0.01,86.1,66.86666666666666,76.48333333333333,2014-09-01
USW00093134,2014,10,0.25,82.93548387096774,62.774193548387096,72.85483870967742,2014-10-01
USW00093134,2014,11,0.48,76.56666666666666,55.5,66.03333333333333,2014-11-01
USW00093134,2014,12,3.88,67.51612903225806,50.70967741935484,59.11290322580645,2014-12-01
USW00093134,2015,1,1.09,72.70967741935483,51.193548387096776,61.95161290322581,2015-01-01
USW00093134,2015,2,0.83,74.25,54.0,64.125,2015-02-01
USW00093134,2015,3,0.87,79.06451612903226,57.38709677419355,68.2258064516129,2015-03-01
USW00093134,2015,4,0.13,75.66666666666667,55.96666666666667,65.81666666666666,2015-04-01
USW00093134,2015,5,0.9299999999999999,71.45161290322581,56.83870967741935,64.14516129032258,2015-05-01
USW00093134,2015,6,0.01,79.13333333333334,62.0,70.56666666666666,2015-06-01
USW00093134,2015,7,0.38,81.64516129032258,65.64516129032258,73.64516129032258,2015-07-01
USW00093134,2015,8,0.0,86.38709677419355,67.70967741935483,77.04838709677419,2015-08-01
USW00093134,2015,9,2.39,88.33333333333333,68.96666666666667,78.65,2015-09-01
USW00093134,2015,10,0.45,84.90322580645162,66.25806451612904,75.58064516129032,2015-10-01
USW00093134,2015,11,0.01,73.76666666666667,51.4,62.583333333333336,2015-11-01
USW00093134,2015,12,0.57,67.09677419354838,47.12903225806452,57.11290322580645,2015-12-01
USW00093134,2016,1,3.17,66.03225806451613,49.25806451612903,57.645161290322584,2016-01-01
USW00093134,2016,2,0.7899999999999999,77.48275862068965,52.37931034482759,64.93103448275862,2016-02-01
USW00093134,2016,3,1.6,72.3225806451613,54.12903225806452,63.225806451612904,2016-03-01
USW00093134,2016,4,0.24000000000000002,75.8,57.36666666666667,66.58333333333333,2016-04-01
USW00093134,2016,5,0.05,71.61290322580645,58.45161290322581,65.03225806451613,2016-05-01
USW00093134,2016,6,0.0,80.03333333333333,62.53333333333333,71.28333333333333,2016-06-01
USW00093134,2016,7,0.0,84.38709677419355,65.74193548387096,75.06451612903226,2016-07-01
USW00093134,2016,8,0.0,82.51612903225806,64.64516129032258,73.58064516129032,2016-08-01
USW00093134,2016,9,0.0,83.16666666666667,64.13333333333334,73.65,2016-09-01
USW00093134,2016,10,0.52,79.48387096774194,60.41935483870968,69.95161290322581,2016-10-01
USW00093134,2016,11,0.8800000000000001,76.73333333333333,54.63333333333333,65.68333333333334,2016-11-01
USW00093134,2016,12,4.55,67.19354838709677,49.935483870967744,58.564516129032256,2016-12-01
USW00093134,2017,1,8.379999999999999,65.38709677419355,48.70967741935484,57.04838709677419,2017-01-01
USW00093134,2017,2,4.17,66.71428571428571,52.82142857142857,59.767857142857146,2017-02-01
USW00093134,2017,3,0.09,76.74193548387096,54.29032258064516,65.51612903225806,2017-03-01
USW00093134,2017,4,0.08,77.86666666666666,57.8,67.83333333333333,2017-04-01
USW00093134,2017,5,0.32,75.35483870967742,58.74193548387097,67.04838709677419,2017-05-01
USW00093134,2017,6,0.01,79.93333333333334,62.833333333333336,71.38333333333334,2017-06-01
USW00093134,2017,7,0.0,85.74193548387096,66.96774193548387,76.35483870967742,2017-07-01
USW00093134,2017,8,0.0,85.12903225806451,68.0,76.56451612903226,2017-08-01
USW00093134,2017,9,0.07,84.06666666666666,66.4,75.23333333333333,2017-09-01
USW00093134,2017,10,0.1,85.0,63.25806451612903,74.12903225806451,2017-10-01
USW00093134,2017,11,0.01,75.96666666666667,56.8,66.38333333333334,2017-11-01
USW00093134,2017,12,0.01,73.6774193548387,48.225806451612904,60.95161290322581,2017-12-01
USW00093134,2018,1,1.77,73.06451612903226,51.38709677419355,62.225806451612904,2018-01-01
USW00093134,2018,2,0.030000000000000002,69.78571428571429,48.964285714285715,59.375,2018-02-01
USW00093134,2018,3,2.6900000000000004,68.54838709677419,51.645161290322584,60.096774193548384,2018-03-01
USW00093134,2018,4,0.02,73.63333333333334,55.06666666666667,64.35,2018-04-01
USW00093134,2018,5,0.09,71.96774193548387,57.903225806451616,64.93548387096774,2018-05-01
USW00093134,2018,6,0.0,78.23333333333333,61.93333333333333,70.08333333333333,2018-06-01
USW00093134,2018,7,0.0,87.96774193548387,69.61290322580645,78.79032258064517,2018-07-01
USW00093134,2018,8,0.0,87.48387096774194,69.09677419354838,78.29032258064517,2018-08-01
USW00093134,2018,9,0.0,81.9,64.8,73.35,2018-09-01
USW00093134,2018,10,0.57,79.58064516129032,61.41935483870968,70.5,2018-10-01
USW00093134,2018,11,1.58,75.53333333333333,54.6,65.06666666666666,2018-11-01
USW00093134,2018,12,2.11,68.09677419354838,49.74193548387097,58.91935483870968,2018-12-01
USW00093134,2019,1,5.95,66.58064516129032,49.29032258064516,57.935483870967744,2019-01-01
USW00093134,2019,2,5.59,61.5,46.5,54.0,2019-02-01
USW00093134,2019,3,2.19,69.41935483870968,52.74193548387097,61.08064516129032,2019-03-01
USW00093134,2019,4,0.02,73.26666666666667,56.9,65.08333333333333,2019-04-01
USW00093134,2019,5,0.81,69.90322580645162,56.74193548387097,63.32258064516129,2019-05-01
USW00093134,2019,6,0.0,76.03333333333333,62.63333333333333,69.33333333333333,2019-06-01
USW00093134,2019,7,0.0,83.2258064516129,65.58064516129032,74.40322580645162,2019-07-01
USW00093134,2019,8,0.0,84.96774193548387,65.96774193548387,75.46774193548387,2019-08-01
USW00093134,2019,9,0.03,85.2,67.33333333333333,76.26666666666667,2019-09-01
USW00093134,2019,10,0.0,83.38709677419355,60.516129032258064,71.95161290322581,2019-10-01
USW00093134,2019,11,2.12,75.13333333333334,54.733333333333334,64.93333333333334,2019-11-01
USW00093134,2019,12,4.84,67.6774193548387,51.096774193548384,59.38709677419355,2019-12-01
USW00093134,2020,1,0.32,70.61290322580645,51.096774193548384,60.854838709677416,2020-01-01
USW00093134,2020,2,0.04,72.6896551724138,52.44827586206897,62.56896551724138,2020-02-01
USW00093134,2020,3,4.34,68.58064516129032,54.0,61.29032258064516,2020-03-01
USW00093134,2020,4,3.02,74.4,58.7,66.55,2020-04-01
USW00093134,2020,5,0.14,79.3225806451613,61.67741935483871,70.5,2020-05-01
USW00093134,2020,6,0.0,79.53333333333333,63.13333333333333,71.33333333333333,2020-06-01
USW00093134,2020,7,0.0,81.48387096774194,62.83870967741935,72.16129032258064,2020-07-01
USW00093134,2020,8,0.0,86.2258064516129,67.09677419354838,76.66129032258064,2020-08-01
USW00093134,2020,9,0.0,86.9,65.53333333333333,76.21666666666667,2020-09-01
USW00093134,2020,10,0.0,83.12903225806451,62.96774193548387,73.04838709677419,2020-10-01
USW00093134,2020,11,0.11,73.43333333333334,52.13333333333333,62.78333333333333,2020-11-01
USW00093134,2020,12,1.84,71.12903225806451,48.87096774193548,60.0,2020-12-01
USW00093134,2021,1,2.44,69.64516129032258,48.354838709677416,59.0,2021-01-01
USW00093134,2021,2,0.0,70.35714285714286,50.714285714285715,60.535714285714285,2021-02-01
USW00093134,2021,3,1.41,68.70967741935483,50.225806451612904,59.46774193548387,2021-03-01
USW00093134,2021,4,0.0,73.2,56.06666666666667,64.63333333333334,2021-04-01
USW00093134,2021,5,0.0,73.09677419354838,59.483870967741936,66.29032258064517,2021-05-01
USW00093134,2021,6,0.02,79.43333333333334,62.833333333333336,71.13333333333334,2021-06-01
USW00093134,2021,7,0.22,83.29032258064517,66.45161290322581,74.87096774193549,2021-07-01
USW00093134,2021,8,0.0,83.48387096774194,65.29032258064517,74.38709677419355,2021-08-01
USW00093134,2021,9,0.01,80.33333333333333,62.166666666666664,71.25,2021-09-01
USW00093134,2021,10,0.71,76.2258064516129,57.0,66.61290322580645,2021-10-01
USW00093134,2021,11,0.0,74.06666666666666,54.0,64.03333333333333,2021-11-01
USW00093134,2021,12,9.46,61.903225806451616,47.0,54.45161290322581,2021-12-01
USW00093134,2022,1,0.19,68.80645161290323,48.29032258064516,58.54838709677419,2022-01-01
USW00093134,2022,2,0.06,70.57142857142857,47.107142857142854,58.839285714285715,2022-02-01
USW00093134,2022,3,1.4100000000000001,71.16129032258064,51.58064516129032,61.37096774193548,2022-03-01
USW00093134,2022,4,0.33,73.36666666666666,55.166666666666664,64.26666666666667,2022-04-01
USW00093134,2022,5,0.0,72.74193548387096,56.935483870967744,64.83870967741936,2022-05-01
USW00093134,2022,6,0.01,80.06666666666666,61.833333333333336,70.95,2022-06-01
USW00093134,2022,7,0.0,81.7741935483871,63.03225806451613,72.40322580645162,2022-07-01
USW00093134,2022,8,0.0,84.93548387096774,65.38709677419355,75.16129032258064,2022-08-01
USW00093134,2022,9,0.37,86.86666666666666,68.1,77.48333333333333,2022-09-01
USW00093134,2022,10,0.02,76.87096774193549,60.61290322580645,68.74193548387096,2022-10-01
USW00093134,2022,11,1.98,70.8,49.666666666666664,60.233333333333334,2022-11-01
USW00093134,2022,12,2.81,65.87096774193549,49.193548387096776,57.53225806451613,2022-12-01
USW00093134,2023,1,8.95,63.774193548387096,47.45161290322581,55.61290322580645,2023-01-01
USW00093134,2023,2,5.95,65.0,46.714285714285715,55.857142857142854,2023-02-01
USW00093134,2023,3,7.71,63.935483870967744,50.064516129032256,57.0,2023-03-01
USW00093134,2023,4,0.060000000000000005,70.86666666666666,54.4,62.63333333333333,2023-04-01
USW00093134,2023,5,0.5499999999999999,69.7741935483871,58.064516129032256,63.91935483870968,2023-05-01
USW00093134,2023,6,0.0,73.06666666666666,60.53333333333333,66.8,2023-06-01
USW00093134,2023,7,0.0,85.09677419354838,65.09677419354838,75.09677419354838,2023-07-01
USW00093134,2023,8,2.99,84.54838709677419,66.2258064516129,75.38709677419355,2023-08-01
USW00093134,2023,9,0.05,79.6,65.23333333333333,72.41666666666667,2023-09-01
USW00093134,2023,10,0.0,80.06451612903226,60.58064516129032,70.3225806451613,2023-10-01
USW00093134,2023,11,0.36000000000000004,75.93333333333334,54.7,65.31666666666666,2023-11-01
USW00093134,2023,12,2.82,70.45161290322581,53.193548387096776,61.82258064516129,2023-12-01
USW00093134,2024,1,2.05,67.03225806451613,49.96774193548387,58.5,2024-01-01
USW00093134,2024,2,12.659999999999998,64.75862068965517,51.55172413793103,58.1551724137931,2024-02-01
USW00093134,2024,3,3.5,67.90322580645162,52.70967741935484,60.306451612903224,2024-03-01
USW00093134,2024,4,0.63,70.76666666666667,53.9,62.333333333333336,2024-04-01
USW00093134,2024,5,0.13,70.7741935483871,57.193548387096776,63.983870967741936,2024-05-01
USW00093134,2024,6,0.0,79.13333333333334,60.666666666666664,69.9,2024-06-01
USW00093134,2024,7,0.0,85.54838709677419,63.54838709677419,74.54838709677419,2024-07-01
USW00093134,2024,8,0.0,87.2258064516129,63.61290322580645,75.41935483870968,2024-08-01
USW00093134,2024,9,0.0,84.13333333333334,62.86666666666667,73.5,2024-09-01
USW00093134,2024,10,0.0,81.0,57.516129032258064,69.25806451612904,2024-10-01
USW00093134,2024,11,0.14,72.5,49.2,60.85,2024-11-01
USW00093134,2024,12,0.02,68.64516129032258,47.193548387096776,57.91935483870968,2024-12-01
USW00094789,1996,6,2.3200000000000003,77.91666666666667,63.916666666666664,70.91666666666667,1996-06-01
USW00094789,1996,7,8.809999999999999,78.58064516129032,65.80645161290323,72.19354838709677,1996-07-01
USW00094789,1996,8,3.06,79.51612903225806,66.25806451612904,72.88709677419355,1996-08-01
USW00094789,1996,9,4.24,74.7,61.36666666666667,68.03333333333333,1996-09-01
USW00094789,1996,10,5.8,63.193548387096776,48.096774193548384,55.645161290322584,1996-10-01
USW00094789,1996,11,2.3,49.0,35.733333333333334,42.36666666666667,1996-11-01
USW00094789,1996,12,6.0,46.064516129032256,34.96774193548387,40.516129032258064,1996-12-01
USW00094789,1997,1,2.37,39.064516129032256,24.967741935483872,32.016129032258064,1997-01-01
USW00094789,1997,2,2.2199999999999998,46.285714285714285,31.928571428571427,39.107142857142854,1997-02-01
USW00094789,1997,3,4.49,50.32258064516129,34.903225806451616,42.61290322580645,1997-03-01
USW00094789,1997,4,3.56,58.333333333333336,41.266666666666666,49.8,1997-04-01
USW00094789,1997,5,3.21,65.41935483870968,49.903225806451616,57.66129032258065,1997-05-01
USW00094789,1997,6,1.79,78.06666666666666,60.2,69.13333333333334,1997-06-01
USW00094789,1997,7,5.55,83.09677419354838,66.19354838709677,74.64516129032258,1997-07-01
USW00094789,1997,8,5.95,80.25806451612904,65.35483870967742,72.80645161290323,1997-08-01
USW00094789,1997,9,1.3,75.96666666666667,60.766666666666666,68.36666666666666,1997-09-01
USW00094789,1997,10,1.92,65.45161290322581,49.806451612903224,57.62903225806452,1997-10-01
USW00094789,1997,11,4.0600000000000005,51.0,38.766666666666666,44.88333333333333,1997-11-01
USW00094789,1997,12,3.4499999999999997,43.87096774193548,31.741935483870968,37.806451612903224,1997-12-01
USW00094789,1998,1,5.05,45.54838709677419,33.74193548387097,39.645161290322584,1998-01-01
USW00094789,1998,2,3.3,45.857142857142854,33.714285714285715,39.785714285714285,1998-02-01
USW00094789,1998,3,4.79,49.16129032258065,35.903225806451616,42.53225806451613,1998-03-01
USW00094789,1998,4,4.73,59.03333333333333,44.1,51.86666666666667,1998-04-01
USW00094789,1998,5,5.59,69.38709677419355,53.935483870967744,61.83870967741935,1998-05-01
USW00094789,1998,6,5.62,74.86666666666666,61.333333333333336,68.33333333333333,1998-06-01
USW00094789,1998,7,0.97,83.64516129032258,68.16129032258064,76.16129032258064,1998-07-01
USW00094789,1998,8,1.85,83.80645161290323,68.38709677419355,76.35483870967742,1998-08-01
USW00094789,1998,9,1.68,77.66666666666667,61.4,69.8,1998-09-01
USW00094789,1998,10,1.91,64.51612903225806,50.41935483870968,57.70967741935484,1998-10-01
USW00094789,1998,11,1.1300000000000001,54.2,40.7,47.733333333333334,1998-11-01
USW00094789,1998,12,0.9299999999999999,48.54838709677419,35.29032258064516,42.12903225806452,1998-12-01
USW00094789,1999,1,8.049999999999999,41.096774193548384,26.677419354838708,34.193548387096776,1999-01-01
USW00094789,1999,2,2.85,43.07142857142857,29.25,36.32142857142857,1999-02-01
USW00094789,1999,3,3.66,49.83870967741935,32.83870967741935,41.67741935483871,1999-03-01
USW00094789,1999,4,1.96,60.5,42.666666666666664,51.833333333333336,1999-04-01
USW00094789,1999,5,3.54,69.29032258064517,52.74193548387097,61.25806451612903,1999-05-01
USW00094789,1999,6,0.95,79.66666666666667,62.766666666666666,71.53333333333333,1999-06-01
USW00094789,1999,7,1.03,86.51612903225806,70.80645161290323,78.90322580645162,1999-07-01
USW00094789,1999,8,3.58,81.80645161290323,67.93548387096774,75.12903225806451,1999-08-01
USW00094789,1999,9,6.73,75.93333333333334,61.56666666666667,68.93333333333334,1999-09-01
USW00094789,1999,10,3.27,62.774193548387096,47.16129032258065,55.193548387096776,1999-10-01
USW00094789,1999,11,2.15,57.03333333333333,42.86666666666667,50.233333333333334,1999-11-01
USW00094789,1999,12,2.33,45.87096774193548,33.25806451612903,39.806451612903224,1999-12-01
USW00094789,2000,1,2.46,37.58064516129032,23.677419354838708,30.903225806451612,2000-01-01
USW00094789,2000,2,1.96,42.44827586206897,29.413793103448278,36.172413793103445,2000-02-01
USW00094789,2000,3,4.14,52.96774193548387,36.903225806451616,45.193548387096776,2000-03-01
USW00094789,2000,4,4.01,55.8,42.4,49.3,2000-04-01
USW00094789,2000,5,4.0200000000000005,68.74193548387096,53.32258064516129,61.32258064516129,2000-05-01
USW00094789,2000,6,3.6999999999999997,77.53333333333333,62.2,70.1,2000-06-01
USW00094789,2000,7,5.5,79.51612903225806,65.3225806451613,72.6774193548387,2000-07-01
USW00094789,2000,8,3.4000000000000004,79.35483870967742,66.6774193548387,73.3225806451613,2000-08-01
USW00094789,2000,9,4.25,73.5,58.9,66.46666666666667,2000-09-01
USW00094789,2000,10,0.44,64.54838709677419,48.03225806451613,56.54838709677419,2000-10-01
USW00094789,2000,11,4.3,51.56666666666667,38.733333333333334,45.43333333333333,2000-11-01
USW00094789,2000,12,2.8400000000000003,37.83870967741935,24.741935483870968,31.451612903225808,2000-12-01
USW00094789,2001,1,2.9,37.67741935483871,25.93548387096774,32.12903225806452,2001-01-01
USW00094789,2001,2,1.73,42.17857142857143,28.0,35.392857142857146,2001-02-01
USW00094789,2001,3,7.0,45.45161290322581,32.74193548387097,39.29032258064516,2001-03-01
USW00094789,2001,4,1.9,59.233333333333334,43.56666666666667,51.7,2001-04-01
USW00094789,2001,5,2.6,69.2258064516129,53.32258064516129,61.58064516129032,2001-05-01
USW00094789,2001,6,4.28,80.0,64.9,72.53333333333333,2001-06-01
USW00094789,2001,7,2.73,80.2258064516129,64.35483870967742,72.58064516129032,2001-07-01
USW00094789,2001,8,2.07,84.41935483870968,69.93548387096774,77.41935483870968,2001-08-01
USW00094789,2001,9,4.59,74.96666666666667,59.53333333333333,67.5,2001-09-01
USW00094789,2001,10,0.47,65.58064516129032,48.41935483870968,57.354838709677416,2001-10-01
USW00094789,2001,11,0.61,59.03333333333333,43.0,51.266666666666666,2001-11-01
USW00094789,2001,12,1.84,49.806451612903224,36.70967741935484,43.483870967741936,2001-12-01
USW00094789,2002,1,2.04,45.45161290322581,32.29032258064516,39.16129032258065,2002-01-01
USW00094789,2002,2,0.46,47.25,31.571428571428573,39.607142857142854,2002-02-01
USW00094789,2002,3,3.23,50.83870967741935,35.193548387096776,43.41935483870968,2002-03-01
USW00094789,2002,4,3.37,61.43333333333333,44.96666666666667,53.4,2002-04-01
USW00094789,2002,5,3.29,67.12903225806451,50.70967741935484,59.096774193548384,2002-05-01
USW00094789,2002,6,3.59,78.43333333333334,62.3,70.66666666666667,2002-06-01
USW00094789,2002,7,0.71,86.09677419354838,69.51612903225806,78.09677419354838,2002-07-01
USW00094789,2002,8,7.07,83.45161290322581,68.80645161290323,76.41935483870968,2002-08-01
USW00094789,2002,9,5.85,76.4,62.43333333333333,69.6,2002-09-01
USW00094789,2002,10,6.05,62.16129032258065,49.064516129032256,55.774193548387096,2002-10-01
USW00094789,2002,11,3.75,50.43333333333333,38.13333333333333,44.53333333333333,2002-11-01
USW00094789,2002,12,3.7199999999999998,40.483870967741936,29.129032258064516,35.12903225806452,2002-12-01
USW00094789,2003,1,1.77,33.45161290322581,21.741935483870968,27.838709677419356,2003-01-01
USW00094789,2003,2,4.48,34.75,23.571428571428573,29.428571428571427,2003-02-01
USW00094789,2003,3,3.56,49.354838709677416,32.41935483870968,41.225806451612904,2003-03-01
USW00094789,2003,4,3.14,55.4,40.3,48.03333333333333,2003-04-01
USW00094789,2003,5,4.01,63.41935483870968,50.03225806451613,57.03225806451613,2003-05-01
USW00094789,2003,6,9.23,74.7,60.666666666666664,67.9,2003-06-01
USW00094789,2003,7,2.31,82.87096774193549,68.2258064516129,75.7741935483871,2003-07-01
USW00094789,2003,8,2.28,82.80645161290323,69.87096774193549,76.62903225806451,2003-08-01
USW00094789,2003,9,2.67,75.46666666666667,62.6,69.33333333333333,2003-09-01
USW00094789,2003,10,3.42,63.096774193548384,47.45161290322581,55.516129032258064,2003-10-01
USW00094789,2003,11,3.91,55.86666666666667,42.46666666666667,49.4,2003-11-01
USW00094789,2003,12,3.9899999999999998,43.45161290322581,30.70967741935484,37.38709677419355,2003-12-01
USW00094789,2004,1,1.92,30.870967741935484,18.322580645161292,24.838709677419356,2004-01-01
USW00094789,2004,2,2.2199999999999998,42.241379310344826,26.586206896551722,34.63793103448276,2004-02-01
USW00094789,2004,3,3.24,49.16129032258065,35.70967741935484,42.61290322580645,2004-03-01
USW00094789,2004,4,5.5,60.266666666666666,43.36666666666667,52.06666666666667,2004-04-01
USW00094789,2004,5,4.3100000000000005,70.51612903225806,54.903225806451616,62.935483870967744,2004-05-01
USW00094789,2004,6,3.05,77.66666666666667,62.3,70.2,2004-06-01
USW00094789,2004,7,6.62,80.35483870967742,68.2258064516129,74.64516129032258,2004-07-01
USW00094789,2004,8,7.359999999999999,79.58064516129032,67.35483870967742,73.6774193548387,2004-08-01
USW00094789,2004,9,8.25,76.63333333333334,62.2,69.7,2004-09-01
USW00094789,2004,10,1.26,63.096774193548384,50.16129032258065,56.83870967741935,2004-10-01
USW00094789,2004,11,3.71,55.233333333333334,40.766666666666666,48.266666666666666,2004-11-01
USW00094789,2004,12,3.51,44.38709677419355,30.612903225806452,37.774193548387096,2004-12-01
USW00094789,2005,1,3.39,36.806451612903224,24.29032258064516,30.806451612903224,2005-01-01
USW00094789,2005,2,2.52,42.285714285714285,28.142857142857142,35.42857142857143,2005-02-01
USW00094789,2005,3,4.25,45.16129032258065,31.193548387096776,38.483870967741936,2005-03-01
USW00094789,2005,4,4.83,61.166666666666664,44.03333333333333,52.8,2005-04-01
USW00094789,2005,5,1.78,65.03225806451613,49.74193548387097,57.645161290322584,2005-05-01
USW00094789,2005,6,2.08,78.86666666666666,63.13333333333333,71.23333333333333,2005-06-01
USW00094789,2005,7,5.21,82.87096774193549,69.0,76.16129032258064,2005-07-01
USW00094789,2005,8,0.58,85.93548387096774,70.7741935483871,78.35483870967742,2005-08-01
USW00094789,2005,9,2.16,80.63333333333334,63.5,72.06666666666666,2005-09-01
USW00094789,2005,10,14.969999999999999,63.774193548387096,51.38709677419355,57.58064516129032,2005-10-01
USW00094789,2005,11,4.05,56.166666666666664,40.7,48.43333333333333,2005-11-01
USW00094789,2005,12,3.73,40.67741935483871,28.870967741935484,34.774193548387096,2005-12-01
USW00094789,2006,1,4.36,46.58064516129032,31.677419354838708,39.12903225806452,2006-01-01
USW00094789,2006,2,2.2199999999999998,41.75,27.321428571428573,34.535714285714285,2006-02-01
USW00094789,2006,3,1.22,49.29032258064516,34.096774193548384,41.693548387096776,2006-03-01
USW00094789,2006,4,4.68,61.96666666666667,43.93333333333333,52.95,2006-04-01
USW00094789,2006,5,4.29,69.2258064516129,53.0,61.11290322580645,2006-05-01
USW00094789,2006,6,6.41,75.96666666666667,62.733333333333334,69.35,2006-06-01
USW00094789,2006,7,5.06,84.09677419354838,69.61290322580645,76.85483870967742,2006-07-01
USW00094789,2006,8,2.66,83.51612903225806,68.61290322580645,76.06451612903226,2006-08-01
USW00094789,2006,9,2.58,73.96666666666667,60.03333333333333,67.0,2006-09-01
USW00094789,2006,10,4.87,63.41935483870968,48.645161290322584,56.03225806451613,2006-10-01
USW00094789,2006,11,4.54,56.666666666666664,44.9,50.78333333333333,2006-11-01
USW00094789,2006,12,1.91,49.54838709677419,36.225806451612904,42.88709677419355,2006-12-01
USW00094789,2007,1,3.09,43.83870967741935,30.677419354838708,37.25806451612903,2007-01-01
USW00094789,2007,2,1.37,35.25,21.892857142857142,28.571428571428573,2007-02-01
USW00094789,2007,3,3.6399999999999997,48.54838709677419,32.12903225806452,40.33870967741935,2007-03-01
USW00094789,2007,4,6.98,56.9,41.96666666666667,49.43333333333333,2007-04-01
USW00094789,2007,5,2.2,71.29032258064517,53.38709677419355,62.33870967741935,2007-05-01
USW00094789,2007,6,5.35,78.36666666666666,62.63333333333333,70.5,2007-06-01
USW00094789,2007,7,5.29,81.93548387096774,67.29032258064517,74.61290322580645,2007-07-01
USW00094789,2007,8,5.88,81.25806451612904,66.74193548387096,74.0,2007-08-01
USW00094789,2007,9,1.11,76.73333333333333,61.03333333333333,68.88333333333334,2007-09-01
USW00094789,2007,10,5.2700000000000005,70.06451612903226,55.87096774193548,62.96774193548387,2007-10-01
USW00094789,2007,11,2.34,51.53333333333333,38.56666666666667,45.05,2007-11-01
USW00094789,2007,12,4.39,42.774193548387096,31.741935483870968,37.25806451612903,2007-12-01
USW00094789,2008,1,2.33,41.87096774193548,28.70967741935484,35.29032258064516,2008-01-01
USW00094789,2008,2,4.7,43.13793103448276,27.82758620689655,35.48275862068966,2008-02-01
USW00094789,2008,3,3.6,48.70967741935484,34.193548387096776,41.45161290322581,2008-03-01
USW00094789,2008,4,2.75,60.1,44.46666666666667,52.28333333333333,2008-04-01
USW00094789,2008,5,3.25,67.25806451612904,50.96774193548387,59.11290322580645,2008-05-01
USW00094789,2008,6,3.55,81.76666666666667,64.93333333333334,73.35,2008-06-01
USW00094789,2008,7,3.3000000000000003,84.7741935483871,69.80645161290323,77.29032258064517,2008-07-01
USW00094789,2008,8,3.21,81.7741935483871,65.35483870967742,73.56451612903226,2008-08-01
USW00094789,2008,9,6.739999999999999,76.26666666666667,62.5,69.38333333333334,2008-09-01
USW00094789,2008,10,3.5199999999999996,64.41935483870968,48.064516129032256,56.24193548387097,2008-10-01
USW00094789,2008,11,3.34,52.03333333333333,40.13333333333333,46.083333333333336,2008-11-01
USW00094789,2008,12,5.97,45.32258064516129,31.29032258064516,38.306451612903224,2008-12-01
USW00094789,2009,1,2.85,34.61290322580645,22.741935483870968,28.677419354838708,2009-01-01
USW00094789,2009,2,0.98,44.142857142857146,27.928571428571427,36.035714285714285,2009-02-01
USW00094789,2009,3,1.9200000000000002,48.45161290322581,33.25806451612903,40.854838709677416,2009-03-01
USW00094789,2009,4,4.24,60.666666666666664,44.766666666666666,52.71666666666667,2009-04-01
USW00094789,2009,5,4.390000000000001,67.64516129032258,53.41935483870968,60.53225806451613,2009-05-01
USW00094789,2009,6,7.74,73.83333333333333,61.0,67.41666666666667,2009-06-01
USW00094789,2009,7,3.5700000000000003,81.09677419354838,66.25806451612904,73.6774193548387,2009-07-01
USW00094789,2009,8,3.5,83.2258064516129,69.7741935483871,76.5,2009-08-01
USW00094789,2009,9,3.16,74.16666666666667,59.53333333333333,66.85,2009-09-01
USW00094789,2009,10,5.87,62.41935483870968,48.935483870967744,55.67741935483871,2009-10-01
USW00094789,2009,11,1.41,57.166666666666664,44.9,51.03333333333333,2009-11-01
USW00094789,2009,12,6.25,42.58064516129032,29.838709677419356,36.20967741935484,2009-12-01
USW00094789,2010,1,1.6700000000000002,38.61290322580645,25.64516129032258,32.12903225806452,2010-01-01
USW00094789,2010,2,6.02,37.964285714285715,28.178571428571427,33.07142857142857,2010-02-01
USW00094789,2010,3,8.62,54.67741935483871,39.483870967741936,47.08064516129032,2010-03-01
USW00094789,2010,4,3.38,64.2,46.56666666666667,55.38333333333333,2010-04-01
USW00094789,2010,5,1.98,73.0,54.70967741935484,63.854838709677416,2010-05-01
USW00094789,2010,6,1.36,83.43333333333334,65.56666666666666,74.5,2010-06-01
USW00094789,2010,7,2.44,88.96774193548387,72.48387096774194,80.7258064516129,2010-07-01
USW00094789,2010,8,3.12,83.93548387096774,68.51612903225806,76.2258064516129,2010-08-01
USW00094789,2010,9,4.38,78.06666666666666,62.833333333333336,70.45,2010-09-01
USW00094789,2010,10,4.42,65.93548387096774,51.0,58.46774193548387,2010-10-01
USW00094789,2010,11,1.95,54.53333333333333,41.166666666666664,47.85,2010-11-01
USW00094789,2010,12,3.13,38.774193548387096,27.322580645161292,33.04838709677419,2010-12-01
USW00094789,2011,1,3.55,34.806451612903224,23.35483870967742,29.080645161290324,2011-01-01
USW00094789,2011,2,3.2,43.107142857142854,26.678571428571427,34.892857142857146,2011-02-01
USW00094789,2011,3,4.55,49.83870967741935,34.483870967741936,42.16129032258065,2011-03-01
USW00094789,2011,4,4.3,59.46666666666667,44.5,51.983333333333334,2011-04-01
USW00094789,2011,5,3.16,70.16129032258064,55.645161290322584,62.903225806451616,2011-05-01
USW00094789,2011,6,2.09,80.16666666666667,64.1,72.13333333333334,2011-06-01
USW00094789,2011,7,2.71,88.58064516129032,71.03225806451613,79.80645161290323,2011-07-01
USW00094789,2011,8,17.24,82.45161290322581,68.48387096774194,75.46774193548387,2011-08-01
USW00094789,2011,9,4.21,75.86666666666666,63.666666666666664,69.76666666666667,2011-09-01
USW00094789,2011,10,4.4,65.48387096774194,50.516129032258064,58.0,2011-10-01
USW00094789,2011,11,3.2399999999999998,58.3,43.36666666666667,50.833333333333336,2011-11-01
USW00094789,2011,12,3.13,49.87096774193548,35.096774193548384,42.483870967741936,2011-12-01
USW00094789,2012,1,2.19,44.61290322580645,29.70967741935484,37.16129032258065,2012-01-01
USW00094789,2012,2,1.26,47.44827586206897,33.241379310344826,40.3448275862069,2012-02-01
USW00094789,2012,3,1.13,55.903225806451616,41.064516129032256,48.483870967741936,2012-03-01
USW00094789,2012,4,2.97,63.03333333333333,45.166666666666664,54.1,2012-04-01
USW00094789,2012,5,7.08,70.48387096774194,57.41935483870968,63.95161290322581,2012-05-01
USW00094789,2012,6,6.88,78.8,62.833333333333336,70.81666666666666,2012-06-01
USW00094789,2012,7,1.54,86.0,70.7741935483871,78.38709677419355,2012-07-01
USW00094789,2012,8,4.03,83.96774193548387,69.51612903225806,76.74193548387096,2012-08-01
USW00094789,2012,9,4.05,76.16666666666667,62.166666666666664,69.16666666666667,2012-09-01
USW00094789,2012,10,2.22,65.35483870967742,52.83870967741935,59.096774193548384,2012-10-01
USW00094789,2012,11,1.56,50.13333333333333,37.06666666666667,43.6,2012-11-01
USW00094789,2012,12,4.9399999999999995,47.58064516129032,35.903225806451616,41.74193548387097,2012-12-01
USW00094789,2013,1,2.3899999999999997,41.45161290322581,28.64516129032258,35.04838709677419,2013-01-01
USW00094789,2013,2,2.73,40.07142857142857,27.928571428571427,34.0,2013-02-01
USW00094789,2013,3,2.3200000000000003,46.58064516129032,33.41935483870968,40.0,2013-03-01
USW00094789,2013,4,1.78,58.93333333333333,42.36666666666667,50.03333333333333,2013-04-01
USW00094789,2013,5,4.03,67.93548387096774,51.83870967741935,59.25806451612903,2013-05-01
USW00094789,2013,6,7.95,77.66666666666667,63.13333333333333,69.8,2013-06-01
USW00094789,2013,7,2.2600000000000002,86.51612903225806,72.41935483870968,78.70967741935483,2013-07-01
USW00094789,2013,8,2.73,81.29032258064517,67.48387096774194,73.7741935483871,2013-08-01
USW00094789,2013,9,1.92,75.93333333333334,58.2,67.0,2013-09-01
USW00094789,2013,10,0.33,67.45161290322581,52.483870967741936,59.54838709677419,2013-10-01
USW00094789,2013,11,2.54,52.96666666666667,37.6,45.3,2013-11-01
USW00094789,2013,12,4.5,44.483870967741936,31.64516129032258,38.096774193548384,2013-12-01
USW00094789,2014,1,3.0100000000000002,36.064516129032256,21.096774193548388,29.032258064516128,2014-01-01
USW00094789,2014,2,4.59,37.357142857142854,24.857142857142858,31.321428571428573,2014-02-01
USW00094789,2014,3,4.26,45.83870967741935,28.870967741935484,37.32258064516129,2014-03-01
USW00094789,2014,4,6.9799999999999995,58.53333333333333,41.56666666666667,49.5,2014-04-01
USW00094789,2014,5,3.6,70.45161290322581,54.61290322580645,62.16129032258065,2014-05-01
USW00094789,2014,6,2.61,79.43333333333334,63.833333333333336,71.1,2014-06-01
USW00094789,2014,7,4.83,82.61290322580645,68.3225806451613,74.87096774193549,2014-07-01
USW00094789,2014,8,4.23,81.64516129032258,66.48387096774194,73.96774193548387,2014-08-01
USW00094789,2014,9,1.43,77.2,62.2,69.5,2014-09-01
USW00094789,2014,10,3.69,66.51612903225806,53.12903225806452,60.16129032258065,2014-10-01
USW00094789,2014,11,4.48,51.833333333333336,38.266666666666666,45.0,2014-11-01
USW00094789,2014,12,7.04,46.70967741935484,36.16129032258065,41.38709677419355,2014-12-01
USW00094789,2015,1,5.3100000000000005,37.29032258064516,24.096774193548388,30.870967741935484,2015-01-01
USW00094789,2015,2,2.35,32.607142857142854,16.464285714285715,25.0,2015-02-01
USW00094789,2015,3,4.88,45.32258064516129,30.225806451612904,37.70967741935484,2015-03-01
USW00094789,2015,4,1.6099999999999999,61.0,44.166666666666664,51.9,2015-04-01
USW00094789,2015,5,0.46,72.87096774193549,55.61290322580645,63.225806451612904,2015-05-01
USW00094789,2015,6,4.99,78.53333333333333,63.93333333333333,70.5,2015-06-01
USW00094789,2015,7,2.31,85.2258064516129,71.54838709677419,77.74193548387096,2015-07-01
USW00094789,2015,8,3.6299999999999994,86.3225806451613,70.6774193548387,78.12903225806451,2015-08-01
USW00094789,2015,9,2.58,81.0,64.96666666666667,72.7,2015-09-01
USW00094789,2015,10,4.2,65.35483870967742,50.25806451612903,57.87096774193548,2015-10-01
USW00094789,2015,11,1.2,60.13333333333333,44.93333333333333,52.9,2015-11-01
USW00094789,2015,12,4.79,56.41935483870968,44.193548387096776,50.25806451612903,2015-12-01
USW00094789,2016,1,4.59,41.516129032258064,27.612903225806452,35.193548387096776,2016-01-01
USW00094789,2016,2,4.05,45.13793103448276,30.06896551724138,37.48275862068966,2016-02-01
USW00094789,2016,3,1.39,55.354838709677416,39.645161290322584,47.03225806451613,2016-03-01
USW00094789,2016,4,1.24,59.43333333333333,42.63333333333333,50.63333333333333,2016-04-01
USW00094789,2016,5,3.71,67.70967741935483,52.806451612903224,59.61290322580645,2016-05-01
USW00094789,2016,6,1.61,80.16666666666667,63.6,71.76666666666667,2016-06-01
USW00094789,2016,7,6.0600000000000005,85.70967741935483,71.41935483870968,77.93548387096774,2016-07-01
USW00094789,2016,8,0.62,85.35483870967742,72.48387096774194,78.58064516129032,2016-08-01
USW00094789,2016,9,2.87,77.93333333333334,64.23333333333333,71.3,2016-09-01
USW00094789,2016,10,3.33,66.7741935483871,51.064516129032256,58.74193548387097,2016-10-01
USW00094789,2016,11,3.48,57.8,43.4,50.56666666666667,2016-11-01
USW00094789,2016,12,3.06,45.67741935483871,33.45161290322581,40.0,2016-12-01
USW00094789,2017,1,4.64,43.87096774193548,33.29032258064516,38.41935483870968,2017-01-01
USW00094789,2017,2,1.58,47.785714285714285,32.892857142857146,40.25,2017-02-01
USW00094789,2017,3,5.789999999999999,46.935483870967744,31.677419354838708,39.16129032258065,2017-03-01
USW00094789,2017,4,4.06,62.7,47.46666666666667,54.5,2017-04-01
USW00094789,2017,5,5.83,67.41935483870968,53.58064516129032,60.064516129032256,2017-05-01
USW00094789,2017,6,4.2,78.7,63.1,70.7,2017-06-01
USW00094789,2017,7,4.65,83.61290322580645,69.25806451612904,76.09677419354838,2017-07-01
USW00094789,2017,8,2.5,81.87096774193549,67.35483870967742,74.0,2017-08-01
USW00094789,2017,9,2.2,78.23333333333333,62.86666666666667,70.16666666666667,2017-09-01
USW00094789,2017,10,4.21,70.96774193548387,55.38709677419355,62.87096774193548,2017-10-01
USW00094789,2017,11,1.8,53.96666666666667,38.2,46.7,2017-11-01
USW00094789,2017,12,1.6500000000000001,40.516129032258064,29.483870967741936,35.483870967741936,2017-12-01
USW00094789,2018,1,1.84,37.45161290322581,22.93548387096774,30.516129032258064,2018-01-01
USW00094789,2018,2,5.93,47.214285714285715,32.42857142857143,39.535714285714285,2018-02-01
USW00094789,2018,3,5.08,45.774193548387096,32.87096774193548,38.87096774193548,2018-03-01
USW00094789,2018,4,3.3,54.46666666666667,39.56666666666667,46.7,2018-04-01
USW00094789,2018,5,4.07,71.3225806451613,55.41935483870968,62.67741935483871,2018-05-01
USW00094789,2018,6,3.88,76.9,62.0,69.23333333333333,2018-06-01
USW00094789,2018,7,4.75,83.41935483870968,69.3225806451613,75.87096774193549,2018-07-01
USW00094789,2018,8,4.68,83.87096774193549,71.03225806451613,77.45161290322581,2018-08-01
USW00094789,2018,9,5.99,76.66666666666667,64.63333333333334,70.33333333333333,2018-09-01
USW00094789,2018,10,3.3200000000000003,64.3225806451613,51.45161290322581,57.774193548387096,2018-10-01
USW00094789,2018,11,7.8,50.53333333333333,38.06666666666667,44.7,2018-11-01
USW00094789,2018,12,6.76,45.645161290322584,34.0,39.87096774193548,2018-12-01
USW00094789,2019,1,4.01,39.38709677419355,25.451612903225808,33.12903225806452,2019-01-01
USW00094789,2019,2,3.56,42.107142857142854,28.535714285714285,35.0,2019-02-01
USW00094789,2019,3,3.96,46.70967741935484,33.38709677419355,39.903225806451616,2019-03-01
USW00094789,2019,4,4.48,59.733333333333334,45.56666666666667,52.166666666666664,2019-04-01
USW00094789,2019,5,6.76,67.38709677419355,53.516129032258064,59.774193548387096,2019-05-01
USW00094789,2019,6,5.33,78.33333333333333,62.96666666666667,70.16666666666667,2019-06-01
USW00094789,2019,7,5.39,86.70967741935483,70.83870967741936,78.25806451612904,2019-07-01
USW00094789,2019,8,3.16,82.38709677419355,68.25806451612904,74.61290322580645,2019-08-01
USW00094789,2019,9,1.1,76.8,61.9,69.3,2019-09-01
USW00094789,2019,10,4.68,66.48387096774194,52.483870967741936,59.645161290322584,2019-10-01
USW00094789,2019,11,1.53,50.56666666666667,35.96666666666667,44.03333333333333,2019-11-01
USW00094789,2019,12,8.03,44.16129032258065,31.967741935483872,38.38709677419355,2019-12-01
USW00094789,2020,1,1.93,45.41935483870968,31.903225806451612,38.774193548387096,2020-01-01
USW00094789,2020,2,3.41,46.172413793103445,32.51724137931034,39.275862068965516,2020-02-01
USW00094789,2020,3,3.7600000000000002,53.96774193548387,38.935483870967744,45.74193548387097,2020-03-01
USW00094789,2020,4,3.2899999999999996,55.9,41.266666666666666,48.46666666666667,2020-04-01
USW00094789,2020,5,1.33,67.06451612903226,49.32258064516129,57.74193548387097,2020-05-01
USW00094789,2020,6,3.16,80.03333333333333,62.86666666666667,70.66666666666667,2020-06-01
USW00094789,2020,7,5.16,86.38709677419355,72.19354838709677,78.61290322580645,2020-07-01
USW00094789,2020,8,2.82,83.06451612903226,69.45161290322581,75.87096774193549,2020-08-01
USW00094789,2020,9,2.8600000000000003,75.86666666666666,60.9,68.6,2020-09-01
USW00094789,2020,10,4.98,64.87096774193549,51.483870967741936,58.516129032258064,2020-10-01
USW00094789,2020,11,4.65,59.36666666666667,42.4,50.833333333333336,2020-11-01
USW00094789,2020,12,3.54,44.67741935483871,32.225806451612904,39.03225806451613,2020-12-01
USW00094789,2021,1,2.2800000000000002,41.096774193548384,28.419354838709676,34.806451612903224,2021-01-01
USW00094789,2021,2,4.7700000000000005,38.285714285714285,28.035714285714285,33.392857142857146,2021-02-01
USW00094789,2021,3,3.08,52.70967741935484,35.193548387096776,43.70967741935484,2021-03-01
USW00094789,2021,4,2.68,60.53333333333333,43.333333333333336,51.93333333333333,2021-04-01
USW00094789,2021,5,4.52,70.41935483870968,52.096774193548384,60.645161290322584,2021-05-01
USW00094789,2021,6,1.5699999999999998,79.8,63.03333333333333,70.7,2021-06-01
USW00094789,2021,7,5.9,82.96774193548387,68.58064516129032,75.38709677419355,2021-07-01
USW00094789,2021,8,7.38,83.35483870967742,70.48387096774194,76.19354838709677,2021-08-01
USW00094789,2021,9,4.55,77.96666666666667,63.5,71.0,2021-09-01
USW00094789,2021,10,4.36,69.90322580645162,56.16129032258065,62.74193548387097,2021-10-01
USW00094789,2021,11,0.67,54.2,38.36666666666667,46.8,2021-11-01
USW00094789,2021,12,1.7000000000000002,49.29032258064516,37.45161290322581,43.483870967741936,2021-12-01
USW00094789,2022,1,4.37,38.03225806451613,22.580645161290324,30.967741935483872,2022-01-01
USW00094789,2022,2,3.08,44.214285714285715,27.035714285714285,35.75,2022-02-01
USW00094789,2022,3,2.62,51.064516129032256,35.61290322580645,43.354838709677416,2022-03-01
USW00094789,2022,4,3.1,58.53333333333333,43.36666666666667,50.6,2022-04-01
USW00094789,2022,5,4.34,70.35483870967742,54.12903225806452,61.225806451612904,2022-05-01
USW00094789,2022,6,3.25,78.1,62.46666666666667,70.06666666666666,2022-06-01
USW00094789,2022,7,1.1,86.93548387096774,71.64516129032258,78.51612903225806,2022-07-01
USW00094789,2022,8,0.85,86.35483870967742,71.03225806451613,77.6774193548387,2022-08-01
USW00094789,2022,9,1.85,77.96666666666667,62.7,69.86666666666666,2022-09-01
USW00094789,2022,10,5.61,64.45161290322581,49.74193548387097,57.193548387096776,2022-10-01
USW00094789,2022,11,2.43,57.766666666666666,42.7,50.53333333333333,2022-11-01
USW00094789,2022,12,3.17,44.096774193548384,30.870967741935484,37.83870967741935,2022-12-01
USW00094789,2023,1,3.91,47.58064516129032,35.935483870967744,41.74193548387097,2023-01-01
USW00094789,2023,2,1.54,46.964285714285715,30.678571428571427,38.92857142857143,2023-02-01
USW00094789,2023,3,3.4600000000000004,50.064516129032256,35.32258064516129,42.45161290322581,2023-03-01
USW00094789,2023,4,6.03,62.46666666666667,46.266666666666666,53.86666666666667,2023-04-01
USW00094789,2023,5,1.96,68.74193548387096,51.225806451612904,60.064516129032256,2023-05-01
USW00094789,2023,6,1.01,76.73333333333333,60.56666666666667,67.6,2023-06-01
USW00094789,2023,7,4.38,84.80645161290323,70.80645161290323,77.2258064516129,2023-07-01
USW00094789,2023,8,4.01,80.80645161290323,67.35483870967742,73.7741935483871,2023-08-01
USW00094789,2023,9,13.010000000000002,76.2,62.53333333333333,68.86666666666666,2023-09-01
USW00094789,2023,10,4.05,67.03225806451613,52.32258064516129,59.516129032258064,2023-10-01
USW00094789,2023,11,1.59,53.03333333333333,37.56666666666667,45.93333333333333,2023-11-01
USW00094789,2023,12,7.63,48.483870967741936,36.806451612903224,42.774193548387096,2023-12-01
USW00094789,2024,1,5.84,41.29032258064516,30.677419354838708,36.193548387096776,2024-01-01
USW00094789,2024,2,1.68,44.03448275862069,31.517241379310345,37.89655172413793,2024-02-01
USW00094789,2024,3,9.879999999999999,54.483870967741936,39.25806451612903,46.0,2024-03-01
USW00094789,2024,4,0.66,62.0,46.55,51.833333333333336,2024-04-01
USW00094789,2024,5,2.62,70.48387096774194,55.61290322580645,62.096774193548384,2024-05-01
USW00094789,2024,6,2.9499999999999997,81.6,65.93333333333334,72.96666666666667,2024-06-01
USW00094789,2024,7,2.15,84.51612903225806,71.16129032258064,77.29032258064517,2024-07-01
USW00094789,2024,8,4.36,83.41935483870968,68.38709677419355,75.45161290322581,2024-08-01
USW00094789,2024,9,0.98,77.16666666666667,61.96666666666667,68.93333333333334,2024-09-01
USW00094789,2024,10,0.01,70.41935483870968,51.774193548387096,61.0,2024-10-01
USW00094789,2024,11,3.1399999999999997,60.63333333333333,44.2,52.733333333333334,2024-11-01
USW00094789,2024,12,4.44,45.74193548387097,32.61290322580645,39.32258064516129,2024-12-01
USW00094846,1996,6,2.72,79.66666666666667,59.291666666666664,69.47916666666667,1996-06-01
USW00094846,1996,7,3.95,80.12903225806451,59.61290322580645,69.87096774193549,1996-07-01
USW00094846,1996,8,1.4500000000000002,82.12903225806451,62.41935483870968,72.2741935483871,1996-08-01
USW00094846,1996,9,2.73,73.26666666666667,53.56666666666667,63.416666666666664,1996-09-01
USW00094846,1996,10,2.32,62.225806451612904,41.645161290322584,51.935483870967744,1996-10-01
USW00094846,1996,11,1.48,39.833333333333336,26.933333333333334,33.38333333333333,1996-11-01
USW00094846,1996,12,1.21,33.54838709677419,21.870967741935484,27.70967741935484,1996-12-01
USW00094846,1997,1,1.3800000000000001,27.806451612903224,10.806451612903226,19.306451612903224,1997-01-01
USW00094846,1997,2,5.56,35.107142857142854,22.821428571428573,28.964285714285715,1997-02-01
USW00094846,1997,3,1.57,46.225806451612904,29.548387096774192,37.88709677419355,1997-03-01
USW00094846,1997,4,1.7600000000000002,55.46666666666667,34.86666666666667,45.166666666666664,1997-04-01
USW00094846,1997,5,2.6900000000000004,63.903225806451616,43.61290322580645,53.75806451612903,1997-05-01
USW00094846,1997,6,3.81,79.33333333333333,57.3,68.31666666666666,1997-06-01
USW00094846,1997,7,3.04,83.06451612903226,63.25806451612903,73.16129032258064,1997-07-01
USW00094846,1997,8,4.5,78.2258064516129,60.83870967741935,69.53225806451613,1997-08-01
USW00094846,1997,9,1.69,74.23333333333333,54.13333333333333,64.18333333333334,1997-09-01
USW00094846,1997,10,2.75,63.774193548387096,42.483870967741936,53.12903225806452,1997-10-01
USW00094846,1997,11,1.46,42.46666666666667,30.233333333333334,36.35,1997-11-01
USW00094846,1997,12,1.5,36.096774193548384,26.806451612903224,31.451612903225808,1997-12-01
USW00094846,1998,1,2.67,35.25806451612903,23.838709677419356,29.548387096774192,1998-01-01
USW00094846,1998,2,1.7,44.964285714285715,32.357142857142854,38.660714285714285,1998-02-01
USW00094846,1998,3,4.29,45.58064516129032,32.25806451612903,38.91935483870968,1998-03-01
USW00094846,1998,4,3.56,58.733333333333334,40.833333333333336,50.03333333333333,1998-04-01
USW00094846,1998,5,3.02,75.35483870967742,54.12903225806452,65.03225806451613,1998-05-01
USW00094846,1998,6,2.9,79.5,59.0,69.53333333333333,1998-06-01
USW00094846,1998,7,1.75,84.12903225806451,64.80645161290323,74.74193548387096,1998-07-01
USW00094846,1998,8,6.88,82.48387096774194,64.35483870967742,73.61290322580645,1998-08-01
USW00094846,1998,9,2.34,78.3,57.06666666666667,67.91666666666667,1998-09-01
USW00094846,1998,10,5.22,64.3225806451613,46.61290322580645,55.87096774193548,1998-10-01
USW00094846,1998,11,2.0,52.4,37.233333333333334,45.06666666666667,1998-11-01
USW00094846,1998,12,1.2000000000000002,42.67741935483871,26.64516129032258,34.903225806451616,1998-12-01
USW00094846,1999,1,4.47,29.903225806451612,15.258064516129032,22.774193548387096,1999-01-01
USW00094846,1999,2,1.6400000000000001,42.107142857142854,25.928571428571427,34.285714285714285,1999-02-01
USW00094846,1999,3,1.73,44.38709677419355,26.774193548387096,35.87096774193548,1999-03-01
USW00094846,1999,4,7.51,58.36666666666667,40.766666666666666,49.833333333333336,1999-04-01
USW00094846,1999,5,4.46,72.38709677419355,50.87096774193548,61.87096774193548,1999-05-01
USW00094846,1999,6,4.95,80.43333333333334,60.3,70.56666666666666,1999-06-01
USW00094846,1999,7,3.73,88.25806451612904,68.35483870967742,78.48387096774194,1999-07-01
USW00094846,1999,8,2.3,79.29032258064517,61.32258064516129,70.54838709677419,1999-08-01
USW00094846,1999,9,3.27,75.73333333333333,51.13333333333333,63.666666666666664,1999-09-01
USW00094846,1999,10,1.07,63.74193548387097,41.96774193548387,53.193548387096776,1999-10-01
USW00094846,1999,11,0.44,55.63333333333333,34.46666666666667,45.36666666666667,1999-11-01
USW00094846,1999,12,2.68,37.67741935483871,21.967741935483872,30.129032258064516,1999-12-01
USW00094846,2000,1,1.35,32.064516129032256,18.483870967741936,25.93548387096774,2000-01-01
USW00094846,2000,2,1.97,42.206896551724135,25.896551724137932,34.241379310344826,2000-02-01
USW00094846,2000,3,1.18,54.645161290322584,33.74193548387097,43.16129032258065,2000-03-01
USW00094846,2000,4,5.15,57.6,36.833333333333336,47.4,2000-04-01
USW00094846,2000,5,4.02,72.06451612903226,51.903225806451616,62.25806451612903,2000-05-01
USW00094846,2000,6,4.32,76.76666666666667,57.7,67.46666666666667,2000-06-01
USW00094846,2000,7,3.58,79.80645161290323,62.25806451612903,71.25806451612904,2000-07-01
USW00094846,2000,8,2.26,81.7741935483871,63.0,72.64516129032258,2000-08-01
USW00094846,2000,9,3.59,74.63333333333334,54.766666666666666,65.0,2000-09-01
USW00094846,2000,10,1.12,66.09677419354838,46.03225806451613,56.25806451612903,2000-10-01
USW00094846,2000,11,2.71,43.8,30.2,37.233333333333334,2000-11-01
USW00094846,2000,12,2.11,24.419354838709676,7.645161290322581,14.709677419354838,2000-12-01
USW00094846,2001,1,1.12,30.774193548387096,18.258064516129032,24.677419354838708,2001-01-01
USW00094846,2001,2,2.5700000000000003,34.0,18.178571428571427,26.071428571428573,2001-02-01
USW00094846,2001,3,1.3,42.70967741935484,25.580645161290324,34.403225806451616,2001-03-01
USW00094846,2001,4,2.82,64.16666666666667,40.733333333333334,52.766666666666666,2001-04-01
USW00094846,2001,5,3.34,70.2258064516129,49.774193548387096,60.354838709677416,2001-05-01
USW00094846,2001,6,2.61,77.46666666666667,57.266666666666666,67.46666666666667,2001-06-01
USW00094846,2001,7,2.96,85.03225806451613,64.06451612903226,74.87096774193549,2001-07-01
USW00094846,2001,8,12.25,81.74193548387096,64.70967741935483,73.45161290322581,2001-08-01
USW00094846,2001,9,6.05,71.03333333333333,52.833333333333336,62.2,2001-09-01
USW00094846,2001,10,8.54,60.25806451612903,43.935483870967744,52.16129032258065,2001-10-01
USW00094846,2001,11,1.22,57.4,39.03333333333333,48.5,2001-11-01
USW00094846,2001,12,0.99,40.16129032258065,26.548387096774192,33.61290322580645,2001-12-01
USW00094846,2002,1,1.2,38.54838709677419,25.258064516129032,32.12903225806452,2002-01-01
USW00094846,2002,2,0.96,40.214285714285715,24.071428571428573,32.142857142857146,2002-02-01
USW00094846,2002,3,2.73,43.645161290322584,25.451612903225808,34.935483870967744,2002-03-01
USW00094846,2002,4,3.0,58.93333333333333,40.86666666666667,50.3,2002-04-01
USW00094846,2002,5,4.390000000000001,65.16129032258064,45.193548387096776,55.516129032258064,2002-05-01
USW00094846,2002,6,4.609999999999999,81.06666666666666,60.8,71.23333333333333,2002-06-01
USW00094846,2002,7,2.68,86.58064516129032,67.51612903225806,77.25806451612904,2002-07-01
USW00094846,2002,8,8.06,82.7741935483871,63.516129032258064,70.80645161290323,2002-08-01
USW00094846,2002,9,1.72,78.9,55.766666666666666,67.53333333333333,2002-09-01
USW00094846,2002,10,1.6,57.45161290322581,42.03225806451613,50.096774193548384,2002-10-01
USW00094846,2002,11,1.04,44.833333333333336,30.4,37.666666666666664,2002-11-01
USW00094846,2002,12,1.93,36.87096774193548,23.35483870967742,30.419354838709676,2002-12-01
USW00094846,2003,1,0.36,28.29032258064516,14.258064516129032,20.774193548387096,2003-01-01
USW00094846,2003,2,0.19,32.25,14.892857142857142,23.857142857142858,2003-02-01
USW00094846,2003,3,1.82,46.516129032258064,26.93548387096774,36.935483870967744,2003-03-01
USW00094846,2003,4,4.33,58.666666666666664,37.9,48.5,2003-04-01
USW00094846,2003,5,5.29,65.96774193548387,46.516129032258064,56.29032258064516,2003-05-01
USW00094846,2003,6,1.46,76.73333333333333,54.166666666666664,65.76666666666667,2003-06-01
USW00094846,2003,7,4.5,82.87096774193549,61.774193548387096,72.58064516129032,2003-07-01
USW00094846,2003,8,4.19,82.80645161290323,64.38709677419355,73.80645161290323,2003-08-01
USW00094846,2003,9,1.7200000000000002,73.7,52.96666666666667,63.56666666666667,2003-09-01
USW00094846,2003,10,1.88,62.354838709677416,41.225806451612904,52.67741935483871,2003-10-01
USW00094846,2003,11,4.46,49.5,34.2,42.13333333333333,2003-11-01
USW00094846,2003,12,1.82,38.645161290322584,24.580645161290324,31.967741935483872,2003-12-01
USW00094846,2004,1,0.91,27.419354838709676,13.225806451612904,20.516129032258064,2004-01-01
USW00094846,2004,2,0.71,35.827586206896555,18.93103448275862,27.586206896551722,2004-02-01
USW00094846,2004,3,2.6799999999999997,49.29032258064516,33.0,41.54838709677419,2004-03-01
USW00094846,2004,4,0.74,61.43333333333333,39.266666666666666,50.56666666666667,2004-04-01
USW00094846,2004,5,7.22,70.93548387096774,49.096774193548384,60.58064516129032,2004-05-01
USW00094846,2004,6,2.82,77.3,56.9,67.36666666666666,2004-06-01
USW00094846,2004,7,2.66,80.48387096774194,61.935483870967744,71.45161290322581,2004-07-01
USW00094846,2004,8,5.3,76.96774193548387,57.96774193548387,67.64516129032258,2004-08-01
USW00094846,2004,9,0.26,78.4,54.63333333333333,66.93333333333334,2004-09-01
USW00094846,2004,10,2.8499999999999996,63.0,44.806451612903224,54.25806451612903,2004-10-01
USW00094846,2004,11,4.28,50.333333333333336,37.06666666666667,43.93333333333333,2004-11-01
USW00094846,2004,12,1.15,35.806451612903224,21.903225806451612,29.096774193548388,2004-12-01
USW00094846,2005,1,4.0,31.193548387096776,17.774193548387096,24.806451612903224,2005-01-01
USW00094846,2005,2,2.19,38.892857142857146,25.964285714285715,32.642857142857146,2005-02-01
USW00094846,2005,3,1.48,43.87096774193548,26.161290322580644,35.16129032258065,2005-03-01
USW00094846,2005,4,1.53,63.4,39.666666666666664,51.86666666666667,2005-04-01
USW00094846,2005,5,1.99,67.7741935483871,46.354838709677416,57.29032258064516,2005-05-01
USW00094846,2005,6,0.76,85.23333333333333,63.1,74.43333333333334,2005-06-01
USW00094846,2005,7,1.95,86.38709677419355,64.74193548387096,75.7741935483871,2005-07-01
USW00094846,2005,8,2.47,84.03225806451613,64.54838709677419,74.29032258064517,2005-08-01
USW00094846,2005,9,2.66,80.13333333333334,58.666666666666664,69.4,2005-09-01
USW00094846,2005,10,1.39,64.3225806451613,46.0,55.16129032258065,2005-10-01
USW00094846,2005,11,2.31,51.4,32.6,42.0,2005-11-01
USW00094846,2005,12,1.36,29.35483870967742,17.258064516129032,23.306451612903224,2005-12-01
USW00094846,2006,1,2.7800000000000002,41.96774193548387,29.64516129032258,35.806451612903224,2006-01-01
USW00094846,2006,2,1.8,36.32142857142857,20.035714285714285,28.178571428571427,2006-02-01
USW00094846,2006,3,2.6999999999999997,46.70967741935484,29.93548387096774,38.32258064516129,2006-03-01
USW00094846,2006,4,3.6,64.13333333333334,42.1,53.11666666666667,2006-04-01
USW00094846,2006,5,3.65,69.70967741935483,49.516129032258064,59.61290322580645,2006-05-01
USW00094846,2006,6,4.05,78.76666666666667,57.8,68.28333333333333,2006-06-01
USW00094846,2006,7,3.6999999999999997,85.74193548387096,67.25806451612904,76.5,2006-07-01
USW00094846,2006,8,2.9499999999999997,83.03225806451613,65.61290322580645,74.3225806451613,2006-08-01
USW00094846,2006,9,5.85,71.13333333333334,53.7,62.416666666666664,2006-09-01
USW00094846,2006,10,4.04,57.54838709677419,40.354838709677416,48.95161290322581,2006-10-01
USW00094846,2006,11,3.6500000000000004,50.2,35.46666666666667,42.833333333333336,2006-11-01
USW00094846,2006,12,3.18,40.483870967741936,27.129032258064516,33.806451612903224,2006-12-01
USW00094846,2007,1,1.72,33.83870967741935,21.93548387096774,27.887096774193548,2007-01-01
USW00094846,2007,2,1.61,24.392857142857142,11.5,17.946428571428573,2007-02-01
USW00094846,2007,3,3.66,51.32258064516129,33.645161290322584,42.483870967741936,2007-03-01
USW00094846,2007,4,3.4899999999999998,56.5,37.03333333333333,46.766666666666666,2007-04-01
USW00094846,2007,5,1.8,75.51612903225806,52.03225806451613,63.774193548387096,2007-05-01
USW00094846,2007,6,2.29,81.56666666666666,61.06666666666667,71.31666666666666,2007-06-01
USW00094846,2007,7,3.8600000000000003,83.54838709677419,63.903225806451616,73.7258064516129,2007-07-01
USW00094846,2007,8,9.7,83.19354838709677,66.38709677419355,74.79032258064517,2007-08-01
USW00094846,2007,9,1.23,79.2,57.03333333333333,68.11666666666666,2007-09-01
USW00094846,2007,10,1.69,68.12903225806451,49.87096774193548,59.0,2007-10-01
USW00094846,2007,11,1.2599999999999998,47.03333333333333,31.7,39.36666666666667,2007-11-01
USW00094846,2007,12,3.49,34.064516129032256,21.612903225806452,27.838709677419356,2007-12-01
USW00094846,2008,1,1.9300000000000002,32.03225806451613,14.870967741935484,23.451612903225808,2008-01-01
USW00094846,2008,2,3.5300000000000002,29.655172413793103,16.379310344827587,23.017241379310345,2008-02-01
USW00094846,2008,3,2.63,42.516129032258064,27.225806451612904,34.87096774193548,2008-03-01
USW00094846,2008,4,2.7199999999999998,59.766666666666666,39.1,49.43333333333333,2008-04-01
USW00094846,2008,5,4.1,66.16129032258064,44.83870967741935,55.5,2008-05-01
USW00094846,2008,6,4.18,80.86666666666666,60.7,70.78333333333333,2008-06-01
USW00094846,2008,7,4.76,83.7741935483871,64.2258064516129,74.0,2008-07-01
USW00094846,2008,8,3.73,81.80645161290323,63.58064516129032,72.69354838709677,2008-08-01
USW00094846,2008,9,13.629999999999999,75.16666666666667,57.06666666666667,66.11666666666666,2008-09-01
USW00094846,2008,10,2.0700000000000003,61.58064516129032,43.67741935483871,52.62903225806452,2008-10-01
USW00094846,2008,11,1.81,46.3,32.2,39.25,2008-11-01
USW00094846,2008,12,5.77,31.483870967741936,14.225806451612904,22.85483870967742,2008-12-01
USW00094846,2009,1,1.1600000000000001,23.903225806451612,7.774193548387097,15.838709677419354,2009-01-01
USW00094846,2009,2,3.3899999999999997,36.857142857142854,19.571428571428573,28.214285714285715,2009-02-01
USW00094846,2009,3,5.2,48.67741935483871,30.548387096774192,39.61290322580645,2009-03-01
USW00094846,2009,4,5.19,57.03333333333333,37.46666666666667,47.25,2009-04-01
USW00094846,2009,5,3.63,70.58064516129032,49.12903225806452,59.854838709677416,2009-05-01
USW00094846,2009,6,7.180000000000001,77.03333333333333,58.13333333333333,67.58333333333333,2009-06-01
USW00094846,2009,7,1.53,78.41935483870968,60.354838709677416,69.38709677419355,2009-07-01
USW00094846,2009,8,4.26,79.12903225806451,61.806451612903224,70.46774193548387,2009-08-01
USW00094846,2009,9,1.03,74.33333333333333,56.36666666666667,65.35,2009-09-01
USW00094846,2009,10,6.04,55.225806451612904,42.45161290322581,48.83870967741935,2009-10-01
USW00094846,2009,11,1.23,53.06666666666667,37.6,45.333333333333336,2009-11-01
USW00094846,2009,12,2.73,32.32258064516129,20.612903225806452,26.467741935483872,2009-12-01
USW00094846,2010,1,1.13,27.419354838709676,16.451612903225808,21.93548387096774,2010-01-01
USW00094846,2010,2,1.6400000000000001,32.25,21.142857142857142,26.696428571428573,2010-02-01
USW00094846,2010,3,1.55,50.41935483870968,32.96774193548387,41.693548387096776,2010-03-01
USW00094846,2010,4,3.01,65.53333333333333,43.6,54.56666666666667,2010-04-01
USW00094846,2010,5,4.9,71.16129032258064,52.193548387096776,61.67741935483871,2010-05-01
USW00094846,2010,6,6.17,80.16666666666667,62.2,71.18333333333334,2010-06-01
USW00094846,2010,7,8.84,87.09677419354838,68.19354838709677,77.64516129032258,2010-07-01
USW00094846,2010,8,1.8,85.70967741935483,67.6774193548387,76.69354838709677,2010-08-01
USW00094846,2010,9,2.78,74.16666666666667,56.1,65.13333333333334,2010-09-01
USW00094846,2010,10,0.93,66.83870967741936,45.16129032258065,56.0,2010-10-01
USW00094846,2010,11,2.5100000000000002,50.8,32.166666666666664,41.483333333333334,2010-11-01
USW00094846,2010,12,2.35,29.0,15.96774193548387,22.483870967741936,2010-12-01
USW00094846,2011,1,0.92,26.677419354838708,14.548387096774194,20.612903225806452,2011-01-01
USW00094846,2011,2,3.52,32.714285714285715,19.607142857142858,26.160714285714285,2011-02-01
USW00094846,2011,3,2.62,43.806451612903224,28.838709677419356,36.32258064516129,2011-03-01
USW00094846,2011,4,4.9,56.1,39.266666666666666,47.68333333333333,2011-04-01
USW00094846,2011,5,7.27,67.80645161290323,48.0,57.903225806451616,2011-05-01
USW00094846,2011,6,3.39,79.36666666666666,59.53333333333333,69.45,2011-06-01
USW00094846,2011,7,11.15,88.54838709677419,69.54838709677419,79.04838709677419,2011-07-01
USW00094846,2011,8,4.54,82.54838709677419,64.38709677419355,73.46774193548387,2011-08-01
USW00094846,2011,9,3.45,69.93333333333334,54.43333333333333,62.18333333333333,2011-09-01
USW00094846,2011,10,1.98,65.16129032258064,44.61290322580645,54.88709677419355,2011-10-01
USW00094846,2011,11,3.44,52.43333333333333,37.36666666666667,44.9,2011-11-01
USW00094846,2011,12,2.65,41.83870967741935,28.612903225806452,35.225806451612904,2011-12-01
USW00094846,2012,1,1.86,38.516129032258064,21.903225806451612,30.20967741935484,2012-01-01
USW00094846,2012,2,1.6400000000000001,40.206896551724135,25.551724137931036,32.87931034482759,2012-02-01
USW00094846,2012,3,2.68,63.32258064516129,43.645161290322584,53.483870967741936,2012-03-01
USW00094846,2012,4,1.65,59.8,41.56666666666667,50.68333333333333,2012-04-01
USW00094846,2012,5,4.380000000000001,76.48387096774194,54.645161290322584,65.56451612903226,2012-05-01
USW00094846,2012,6,0.9,85.53333333333333,62.36666666666667,73.95,2012-06-01
USW00094846,2012,7,3.66,91.45161290322581,70.58064516129032,81.01612903225806,2012-07-01
USW00094846,2012,8,2.07,83.96774193548387,62.61290322580645,73.29032258064517,2012-08-01
USW00094846,2012,9,1.76,74.5,53.666666666666664,64.08333333333333,2012-09-01
USW00094846,2012,10,3.15,60.516129032258064,42.41935483870968,51.46774193548387,2012-10-01
USW00094846,2012,11,0.95,49.03333333333333,32.0,40.516666666666666,2012-11-01
USW00094846,2012,12,2.21,42.54838709677419,29.677419354838708,36.11290322580645,2012-12-01
USW00094846,2013,1,3.6300000000000003,35.29032258064516,17.903225806451612,26.596774193548388,2013-01-01
USW00094846,2013,2,2.96,33.142857142857146,19.071428571428573,26.107142857142858,2013-02-01
USW00094846,2013,3,2.0,39.61290322580645,25.64516129032258,32.62903225806452,2013-03-01
USW00094846,2013,4,8.68,56.333333333333336,37.46666666666667,46.43333333333333,2013-04-01
USW00094846,2013,5,4.96,71.2258064516129,50.67741935483871,61.41935483870968,2013-05-01
USW00094846,2013,6,6.23,78.16666666666667,58.9,68.2,2013-06-01
USW00094846,2013,7,2.2199999999999998,81.83870967741936,64.48387096774194,73.41935483870968,2013-07-01
USW00094846,2013,8,1.69,82.74193548387096,63.29032258064516,73.3225806451613,2013-08-01
USW00094846,2013,9,2.5700000000000003,77.06666666666666,57.3,67.53333333333333,2013-09-01
USW00094846,2013,10,3.12,62.38709677419355,43.83870967741935,53.645161290322584,2013-10-01
USW00094846,2013,11,2.09,45.266666666666666,29.633333333333333,38.03333333333333,2013-11-01
USW00094846,2013,12,1.94,31.096774193548388,15.580645161290322,24.612903225806452,2013-12-01
USW00094846,2014,1,2.82,24.64516129032258,6.709677419354839,16.096774193548388,2014-01-01
USW00094846,2014,2,2.48,25.678571428571427,8.892857142857142,17.821428571428573,2014-02-01
USW00094846,2014,3,1.71,40.903225806451616,22.419354838709676,31.548387096774192,2014-03-01
USW00094846,2014,4,2.84,59.233333333333334,37.86666666666667,48.9,2014-04-01
USW00094846,2014,5,4.98,71.03225806451613,49.70967741935484,60.67741935483871,2014-05-01
USW00094846,2014,6,7.8100000000000005,80.96666666666667,60.9,70.63333333333334,2014-06-01
USW00094846,2014,7,2.14,79.7741935483871,60.935483870967744,70.70967741935483,2014-07-01
USW00094846,2014,8,7.3,82.12903225806451,65.25806451612904,73.2258064516129,2014-08-01
USW00094846,2014,9,2.71,73.66666666666667,54.2,63.9,2014-09-01
USW00094846,2014,10,2.48,60.645161290322584,43.354838709677416,52.58064516129032,2014-10-01
USW00094846,2014,11,1.4100000000000001,41.4,25.766666666666666,34.166666666666664,2014-11-01
USW00094846,2014,12,0.79,36.87096774193548,27.096774193548388,32.29032258064516,2014-12-01
USW00094846,2015,1,1.41,28.967741935483872,15.548387096774194,22.870967741935484,2015-01-01
USW00094846,2015,2,1.45,23.428571428571427,5.678571428571429,15.857142857142858,2015-02-01
USW00094846,2015,3,1.1,44.41935483870968,26.29032258064516,35.483870967741936,2015-03-01
USW00094846,2015,4,2.87,60.0,38.766666666666666,49.46666666666667,2015-04-01
USW00094846,2015,5,4.66,69.96774193548387,50.74193548387097,60.54838709677419,2015-05-01
USW00094846,2015,6,7.12,76.93333333333334,57.766666666666666,67.23333333333333,2015-06-01
USW00094846,2015,7,2.85,81.93548387096774,62.70967741935484,72.3225806451613,2015-07-01
USW00094846,2015,8,2.16,80.93548387096774,62.58064516129032,71.74193548387096,2015-08-01
USW00094846,2015,9,4.640000000000001,78.1,59.833333333333336,68.93333333333334,2015-09-01
USW00094846,2015,10,2.23,63.193548387096776,46.225806451612904,54.645161290322584,2015-10-01
USW00094846,2015,11,4.49,53.7,35.46666666666667,44.833333333333336,2015-11-01
USW00094846,2015,12,4.87,44.483870967741936,33.45161290322581,38.87096774193548,2015-12-01
USW00094846,2016,1,0.8400000000000001,31.741935483870968,17.612903225806452,25.06451612903226,2016-01-01
USW00094846,2016,2,1.23,37.206896551724135,23.517241379310345,30.79310344827586,2016-02-01
USW00094846,2016,3,3.34,51.483870967741936,35.064516129032256,43.03225806451613,2016-03-01
USW00094846,2016,4,2.8,57.43333333333333,38.1,47.63333333333333,2016-04-01
USW00094846,2016,5,5.43,70.06451612903226,49.38709677419355,59.96774193548387,2016-05-01
USW00094846,2016,6,2.85,81.9,61.233333333333334,71.96666666666667,2016-06-01
USW00094846,2016,7,6.23,84.41935483870968,66.48387096774194,75.41935483870968,2016-07-01
USW00094846,2016,8,4.26,84.29032258064517,67.35483870967742,75.80645161290323,2016-08-01
USW00094846,2016,9,1.76,77.66666666666667,61.43333333333333,69.66666666666667,2016-09-01
USW00094846,2016,10,3.77,65.83870967741936,47.903225806451616,57.61290322580645,2016-10-01
USW00094846,2016,11,1.69,55.266666666666666,38.333333333333336,46.96666666666667,2016-11-01
USW00094846,2016,12,1.77,31.129032258064516,18.903225806451612,25.677419354838708,2016-12-01
USW00094846,2017,1,2.87,34.58064516129032,22.967741935483872,28.870967741935484,2017-01-01
USW00094846,2017,2,1.52,47.67857142857143,28.357142857142858,38.25,2017-02-01
USW00094846,2017,3,4.01,47.12903225806452,31.806451612903224,39.25806451612903,2017-03-01
USW00094846,2017,4,6.43,63.766666666666666,43.666666666666664,53.8,2017-04-01
USW00094846,2017,5,3.2800000000000002,67.70967741935483,48.03225806451613,58.0,2017-05-01
USW00094846,2017,6,3.44,83.26666666666667,61.56666666666667,72.6,2017-06-01
USW00094846,2017,7,7.68,83.80645161290323,65.45161290322581,74.80645161290323,2017-07-01
USW00094846,2017,8,2.5100000000000002,80.74193548387096,62.225806451612904,71.38709677419355,2017-08-01
USW00094846,2017,9,0.32,79.73333333333333,59.1,69.4,2017-09-01
USW00094846,2017,10,8.700000000000001,65.45161290322581,49.70967741935484,57.58064516129032,2017-10-01
USW00094846,2017,11,1.75,46.93333333333333,32.46666666666667,40.43333333333333,2017-11-01
USW00094846,2017,12,0.59,34.193548387096776,20.129032258064516,27.64516129032258,2017-12-01
USW00094846,2018,1,1.54,31.870967741935484,17.419354838709676,24.967741935483872,2018-01-01
USW00094846,2018,2,4.64,38.0,19.642857142857142,29.25,2018-02-01
USW00094846,2018,3,1.74,44.70967741935484,29.129032258064516,36.67741935483871,2018-03-01
USW00094846,2018,4,2.72,50.03333333333333,32.43333333333333,41.06666666666667,2018-04-01
USW00094846,2018,5,8.21,76.35483870967742,55.935483870967744,65.87096774193549,2018-05-01
USW00094846,2018,6,7.63,80.43333333333334,62.6,71.23333333333333,2018-06-01
USW00094846,2018,7,1.1400000000000001,85.12903225806451,67.35483870967742,76.35483870967742,2018-07-01
USW00094846,2018,8,6.609999999999999,84.80645161290323,67.74193548387096,75.90322580645162,2018-08-01
USW00094846,2018,9,3.65,77.5,60.36666666666667,69.13333333333334,2018-09-01
USW00094846,2018,10,4.79,60.67741935483871,44.74193548387097,52.483870967741936,2018-10-01
USW00094846,2018,11,3.24,39.733333333333334,29.433333333333334,35.0,2018-11-01
USW00094846,2018,12,3.32,39.67741935483871,26.741935483870968,32.96774193548387,2018-12-01
USW00094846,2019,1,1.96,27.451612903225808,14.548387096774194,21.483870967741936,2019-01-01
USW00094846,2019,2,2.81,34.0,17.75,26.071428571428573,2019-02-01
USW00094846,2019,3,2.0900000000000003,42.67741935483871,25.903225806451612,34.41935483870968,2019-03-01
USW00094846,2019,4,6.0200000000000005,59.06666666666667,40.333333333333336,49.166666666666664,2019-04-01
USW00094846,2019,5,8.25,67.54838709677419,48.45161290322581,57.38709677419355,2019-05-01
USW00094846,2019,6,3.05,77.33333333333333,58.166666666666664,67.56666666666666,2019-06-01
USW00094846,2019,7,3.94,86.06451612903226,68.16129032258064,76.90322580645162,2019-07-01
USW00094846,2019,8,3.63,81.51612903225806,64.29032258064517,72.70967741935483,2019-08-01
USW00094846,2019,9,7.609999999999999,76.93333333333334,61.9,69.2,2019-09-01
USW00094846,2019,10,6.76,58.74193548387097,43.12903225806452,51.45161290322581,2019-10-01
USW00094846,2019,11,1.87,41.63333333333333,27.9,34.63333333333333,2019-11-01
USW00094846,2019,12,1.55,41.25806451612903,26.64516129032258,34.45161290322581,2019-12-01
USW00094846,2020,1,2.8000000000000003,35.83870967741935,24.35483870967742,30.419354838709676,2020-01-01
USW00094846,2020,2,0.77,37.310344827586206,23.103448275862068,30.275862068965516,2020-02-01
USW00094846,2020,3,3.48,50.87096774193548,34.74193548387097,42.0,2020-03-01
USW00094846,2020,4,3.81,58.0,38.7,47.6,2020-04-01
USW00094846,2020,5,9.51,69.12903225806451,50.67741935483871,59.74193548387097,2020-05-01
USW00094846,2020,6,4.4,84.0,63.9,73.63333333333334,2020-06-01
USW00094846,2020,7,2.55,88.29032258064517,70.16129032258064,79.3225806451613,2020-07-01
USW00094846,2020,8,0.7999999999999999,86.41935483870968,67.16129032258064,76.6774193548387,2020-08-01
USW00094846,2020,9,3.18,74.63333333333334,57.86666666666667,66.26666666666667,2020-09-01
USW00094846,2020,10,3.65,60.903225806451616,42.12903225806452,51.12903225806452,2020-10-01
USW00094846,2020,11,1.72,55.7,39.03333333333333,47.6,2020-11-01
USW00094846,2020,12,2.55,39.25806451612903,26.35483870967742,32.903225806451616,2020-12-01
USW00094846,2021,1,1.95,33.935483870967744,24.387096774193548,29.161290322580644,2021-01-01
USW00094846,2021,2,1.25,27.392857142857142,13.0,20.5,2021-02-01
USW00094846,2021,3,1.25,53.29032258064516,35.193548387096776,44.16129032258065,2021-03-01
USW00094846,2021,4,0.71,61.3,42.5,51.63333333333333,2021-04-01
USW00094846,2021,5,1.79,69.70967741935483,50.774193548387096,60.25806451612903,2021-05-01
USW00094846,2021,6,6.78,83.8,64.8,74.46666666666667,2021-06-01
USW00094846,2021,7,1.9000000000000001,82.29032258064517,66.45161290322581,74.29032258064517,2021-07-01
USW00094846,2021,8,4.51,86.16129032258064,68.12903225806451,76.87096774193549,2021-08-01
USW00094846,2021,9,1.23,79.8,60.7,69.7,2021-09-01
USW00094846,2021,10,5.7700000000000005,66.61290322580645,52.70967741935484,59.58064516129032,2021-10-01
USW00094846,2021,11,0.71,48.166666666666664,32.46666666666667,40.666666666666664,2021-11-01
USW00094846,2021,12,2.3,45.806451612903224,30.161290322580644,37.935483870967744,2021-12-01
USW00094846,2022,1,0.84,28.580645161290324,12.580645161290322,20.93548387096774,2022-01-01
USW00094846,2022,2,2.59,35.25,19.5,26.928571428571427,2022-02-01
USW00094846,2022,3,3.69,49.064516129032256,32.354838709677416,40.064516129032256,2022-03-01
USW00094846,2022,4,5.3100000000000005,55.13333333333333,38.93333333333333,47.1,2022-04-01
USW00094846,2022,5,3.47,72.2258064516129,55.225806451612904,63.774193548387096,2022-05-01
USW00094846,2022,6,2.66,82.56666666666666,61.86666666666667,72.86666666666666,2022-06-01
USW00094846,2022,7,4.5,83.51612903225806,67.0,75.6774193548387,2022-07-01
USW00094846,2022,8,2.05,83.03225806451613,65.6774193548387,74.25806451612904,2022-08-01
USW00094846,2022,9,2.2,75.96666666666667,58.8,67.33333333333333,2022-09-01
USW00094846,2022,10,1.66,63.903225806451616,44.16129032258065,53.61290322580645,2022-10-01
USW00094846,2022,11,0.86,51.666666666666664,35.1,43.53333333333333,2022-11-01
USW00094846,2022,12,2.1599999999999997,35.70967741935484,22.516129032258064,29.29032258064516,2022-12-01
USW00094846,2023,1,2.6,37.516129032258064,27.06451612903226,32.16129032258065,2023-01-01
USW00094846,2023,2,3.83,42.214285714285715,25.5,33.857142857142854,2023-02-01
USW00094846,2023,3,3.8,46.03225806451613,31.580645161290324,38.354838709677416,2023-03-01
USW00094846,2023,4,2.02,62.233333333333334,41.266666666666666,51.6,2023-04-01
USW00094846,2023,5,0.71,73.80645161290323,51.03225806451613,62.25806451612903,2023-05-01
USW00094846,2023,6,2.3600000000000003,81.43333333333334,60.2,70.76666666666667,2023-06-01
USW00094846,2023,7,7.609999999999999,84.61290322580645,66.70967741935483,75.48387096774194,2023-07-01
USW00094846,2023,8,1.33,83.03225806451613,65.51612903225806,74.41935483870968,2023-08-01
USW00094846,2023,9,3.36,77.73333333333333,61.233333333333334,69.0,2023-09-01
USW00094846,2023,10,2.28,64.70967741935483,49.41935483870968,57.54838709677419,2023-10-01
USW00094846,2023,11,0.86,51.03333333333333,34.733333333333334,42.833333333333336,2023-11-01
USW00094846,2023,12,2.97,44.193548387096776,33.774193548387096,39.25806451612903,2023-12-01
USW00094846,2024,1,3.5,30.70967741935484,21.806451612903224,26.193548387096776,2024-01-01
USW00094846,2024,2,0.65,49.241379310344826,29.689655172413794,39.13793103448276,2024-02-01
USW00094846,2024,3,3.59,52.935483870967744,35.12903225806452,43.645161290322584,2024-03-01
USW00094846,2024,4,3.47,61.56666666666667,43.8,52.8,2024-04-01
USW00094846,2024,5,4.0600000000000005,75.19354838709677,54.45161290322581,64.90322580645162,2024-05-01
USW00094846,2024,6,3.1,83.56666666666666,64.26666666666667,74.03333333333333,2024-06-01
USW00094846,2024,7,5.890000000000001,83.7741935483871,66.19354838709677,74.54838709677419,2024-07-01
USW00094846,2024,8,2.6,83.7741935483871,65.87096774193549,74.45161290322581,2024-08-01
USW00094846,2024,9,1.32,80.26666666666667,60.9,70.6,2024-09-01
USW00094846,2024,10,1.18,70.06451612903226,49.32258064516129,59.774193548387096,2024-10-01
USW00094846,2024,11,3.63,52.3,40.03333333333333,46.333333333333336,2024-11-01
USW00094846,2024,12,1.93,38.41935483870968,25.677419354838708,32.45161290322581,2024-12-01
